source name	characteristics[organism]	characteristics[organism part]	characteristics[cell type]	characteristics[disease]	characteristics[age]	characteristics[sex]	characteristics[individual]	characteristics[sample type]	characteristics[single cell isolation protocol]	characteristics[cell identifier]	characteristics[cells per well]	characteristics[biological replicate]	assay name	technology type	comment[instrument]	comment[label]	comment[modification parameters]	comment[modification parameters]	comment[cleavage agent details]	comment[cleavage agent details]	comment[dissociation method]	comment[proteomics data acquisition method]	comment[dia method]	comment[scan window lower limit]	comment[scan window upper limit]	comment[isolation window width]	comment[sample preparation batch]	comment[fraction identifier]	comment[technical replicate]	comment[data file]	comment[sdrf version]	comment[sdrf template]	comment[sdrf template]	comment[sdrf template]	comment[sdrf template]	factor value[cell type]
iPSC_SC_1	NT=Homo sapiens;AC=NCBITaxon:9606	not applicable	NT=hiPSC cell;AC=BTO:0006081	NT=normal;AC=PATO:0000461	not available	not available	hi12	single cell	cellenONE	iPSC_SC_1	1	1	run 1	proteomic profiling by mass spectrometry	NT=Orbitrap Astral;AC=MS:1003378	NT=label free sample;AC=MS:1002038	NT=Oxidation;AC=UNIMOD:35;TA=M;MT=Variable	NT=Acetyl;AC=UNIMOD:1;PP=Protein N-term;MT=Variable	NT=Trypsin;AC=MS:1001251	NT=Lys-C;AC=MS:1001309	NT=beam-type collision-induced dissociation;AC=MS:1000422	Data-independent acquisition	not available	380	980	not available	20231207	1	1	20231207_AST5_Evo5_ML_SA_40SPD_DIA_SCP_iPSCs_1Cellc_1.raw	v1.1.0	NT=ms-proteomics;VV=v1.1.0	NT=human;VV=v1.1.0	NT=single-cell;VV=v1.0.0	NT=dia-acquisition;VV=v1.1.0	NT=hiPSC cell;AC=BTO:0006081
iPSC_SC_2	NT=Homo sapiens;AC=NCBITaxon:9606	not applicable	NT=hiPSC cell;AC=BTO:0006081	NT=normal;AC=PATO:0000461	not available	not available	hi12	single cell	cellenONE	iPSC_SC_2	1	2	run 2	proteomic profiling by mass spectrometry	NT=Orbitrap Astral;AC=MS:1003378	NT=label free sample;AC=MS:1002038	NT=Oxidation;AC=UNIMOD:35;TA=M;MT=Variable	NT=Acetyl;AC=UNIMOD:1;PP=Protein N-term;MT=Variable	NT=Trypsin;AC=MS:1001251	NT=Lys-C;AC=MS:1001309	NT=beam-type collision-induced dissociation;AC=MS:1000422	Data-independent acquisition	not available	380	980	not available	20231207	1	1	20231207_AST5_Evo5_ML_SA_40SPD_DIA_SCP_iPSCs_1Cellc_2.raw	v1.1.0	NT=ms-proteomics;VV=v1.1.0	NT=human;VV=v1.1.0	NT=single-cell;VV=v1.0.0	NT=dia-acquisition;VV=v1.1.0	NT=hiPSC cell;AC=BTO:0006081
iPSC_SC_3	NT=Homo sapiens;AC=NCBITaxon:9606	not applicable	NT=hiPSC cell;AC=BTO:0006081	NT=normal;AC=PATO:0000461	not available	not available	hi12	single cell	cellenONE	iPSC_SC_3	1	3	run 3	proteomic profiling by mass spectrometry	NT=Orbitrap Astral;AC=MS:1003378	NT=label free sample;AC=MS:1002038	NT=Oxidation;AC=UNIMOD:35;TA=M;MT=Variable	NT=Acetyl;AC=UNIMOD:1;PP=Protein N-term;MT=Variable	NT=Trypsin;AC=MS:1001251	NT=Lys-C;AC=MS:1001309	NT=beam-type collision-induced dissociation;AC=MS:1000422	Data-independent acquisition	not available	380	980	not available	20231207	1	1	20231207_AST5_Evo5_ML_SA_40SPD_DIA_SCP_iPSCs_1Cellc_3.raw	v1.1.0	NT=ms-proteomics;VV=v1.1.0	NT=human;VV=v1.1.0	NT=single-cell;VV=v1.0.0	NT=dia-acquisition;VV=v1.1.0	NT=hiPSC cell;AC=BTO:0006081
iPSC_SC_4	NT=Homo sapiens;AC=NCBITaxon:9606	not applicable	NT=hiPSC cell;AC=BTO:0006081	NT=normal;AC=PATO:0000461	not available	not available	hi12	single cell	cellenONE	iPSC_SC_4	1	4	run 4	proteomic profiling by mass spectrometry	NT=Orbitrap Astral;AC=MS:1003378	NT=label free sample;AC=MS:1002038	NT=Oxidation;AC=UNIMOD:35;TA=M;MT=Variable	NT=Acetyl;AC=UNIMOD:1;PP=Protein N-term;MT=Variable	NT=Trypsin;AC=MS:1001251	NT=Lys-C;AC=MS:1001309	NT=beam-type collision-induced dissociation;AC=MS:1000422	Data-independent acquisition	not available	380	980	not available	20231207	1	1	20231207_AST5_Evo5_ML_SA_40SPD_DIA_SCP_iPSCs_1Cellc_4.raw	v1.1.0	NT=ms-proteomics;VV=v1.1.0	NT=human;VV=v1.1.0	NT=single-cell;VV=v1.0.0	NT=dia-acquisition;VV=v1.1.0	NT=hiPSC cell;AC=BTO:0006081
iPSC_SC_5	NT=Homo sapiens;AC=NCBITaxon:9606	not applicable	NT=hiPSC cell;AC=BTO:0006081	NT=normal;AC=PATO:0000461	not available	not available	hi12	single cell	cellenONE	iPSC_SC_5	1	5	run 5	proteomic profiling by mass spectrometry	NT=Orbitrap Astral;AC=MS:1003378	NT=label free sample;AC=MS:1002038	NT=Oxidation;AC=UNIMOD:35;TA=M;MT=Variable	NT=Acetyl;AC=UNIMOD:1;PP=Protein N-term;MT=Variable	NT=Trypsin;AC=MS:1001251	NT=Lys-C;AC=MS:1001309	NT=beam-type collision-induced dissociation;AC=MS:1000422	Data-independent acquisition	not available	380	980	not available	20231207	1	1	20231207_AST5_Evo5_ML_SA_40SPD_DIA_SCP_iPSCs_1Cellc_5.raw	v1.1.0	NT=ms-proteomics;VV=v1.1.0	NT=human;VV=v1.1.0	NT=single-cell;VV=v1.0.0	NT=dia-acquisition;VV=v1.1.0	NT=hiPSC cell;AC=BTO:0006081
iPSC_SC_6	NT=Homo sapiens;AC=NCBITaxon:9606	not applicable	NT=hiPSC cell;AC=BTO:0006081	NT=normal;AC=PATO:0000461	not available	not available	hi12	single cell	cellenONE	iPSC_SC_6	1	6	run 6	proteomic profiling by mass spectrometry	NT=Orbitrap Astral;AC=MS:1003378	NT=label free sample;AC=MS:1002038	NT=Oxidation;AC=UNIMOD:35;TA=M;MT=Variable	NT=Acetyl;AC=UNIMOD:1;PP=Protein N-term;MT=Variable	NT=Trypsin;AC=MS:1001251	NT=Lys-C;AC=MS:1001309	NT=beam-type collision-induced dissociation;AC=MS:1000422	Data-independent acquisition	not available	380	980	not available	20231207	1	1	20231207_AST5_Evo5_ML_SA_40SPD_DIA_SCP_iPSCs_1Cellc_6.raw	v1.1.0	NT=ms-proteomics;VV=v1.1.0	NT=human;VV=v1.1.0	NT=single-cell;VV=v1.0.0	NT=dia-acquisition;VV=v1.1.0	NT=hiPSC cell;AC=BTO:0006081
iPSC_SC_7	NT=Homo sapiens;AC=NCBITaxon:9606	not applicable	NT=hiPSC cell;AC=BTO:0006081	NT=normal;AC=PATO:0000461	not available	not available	hi12	single cell	cellenONE	iPSC_SC_7	1	7	run 7	proteomic profiling by mass spectrometry	NT=Orbitrap Astral;AC=MS:1003378	NT=label free sample;AC=MS:1002038	NT=Oxidation;AC=UNIMOD:35;TA=M;MT=Variable	NT=Acetyl;AC=UNIMOD:1;PP=Protein N-term;MT=Variable	NT=Trypsin;AC=MS:1001251	NT=Lys-C;AC=MS:1001309	NT=beam-type collision-induced dissociation;AC=MS:1000422	Data-independent acquisition	not available	380	980	not available	20231207	1	1	20231207_AST5_Evo5_ML_SA_40SPD_DIA_SCP_iPSCs_1Cellc_7.raw	v1.1.0	NT=ms-proteomics;VV=v1.1.0	NT=human;VV=v1.1.0	NT=single-cell;VV=v1.0.0	NT=dia-acquisition;VV=v1.1.0	NT=hiPSC cell;AC=BTO:0006081
iPSC_SC_8	NT=Homo sapiens;AC=NCBITaxon:9606	not applicable	NT=hiPSC cell;AC=BTO:0006081	NT=normal;AC=PATO:0000461	not available	not available	hi12	single cell	cellenONE	iPSC_SC_8	1	8	run 8	proteomic profiling by mass spectrometry	NT=Orbitrap Astral;AC=MS:1003378	NT=label free sample;AC=MS:1002038	NT=Oxidation;AC=UNIMOD:35;TA=M;MT=Variable	NT=Acetyl;AC=UNIMOD:1;PP=Protein N-term;MT=Variable	NT=Trypsin;AC=MS:1001251	NT=Lys-C;AC=MS:1001309	NT=beam-type collision-induced dissociation;AC=MS:1000422	Data-independent acquisition	not available	380	980	not available	20231207	1	1	20231207_AST5_Evo5_ML_SA_40SPD_DIA_SCP_iPSCs_1Cellc_8.raw	v1.1.0	NT=ms-proteomics;VV=v1.1.0	NT=human;VV=v1.1.0	NT=single-cell;VV=v1.0.0	NT=dia-acquisition;VV=v1.1.0	NT=hiPSC cell;AC=BTO:0006081
iPSC_SC_9	NT=Homo sapiens;AC=NCBITaxon:9606	not applicable	NT=hiPSC cell;AC=BTO:0006081	NT=normal;AC=PATO:0000461	not available	not available	hi12	single cell	cellenONE	iPSC_SC_9	1	9	run 9	proteomic profiling by mass spectrometry	NT=Orbitrap Astral;AC=MS:1003378	NT=label free sample;AC=MS:1002038	NT=Oxidation;AC=UNIMOD:35;TA=M;MT=Variable	NT=Acetyl;AC=UNIMOD:1;PP=Protein N-term;MT=Variable	NT=Trypsin;AC=MS:1001251	NT=Lys-C;AC=MS:1001309	NT=beam-type collision-induced dissociation;AC=MS:1000422	Data-independent acquisition	not available	380	980	not available	20231207	1	1	20231207_AST5_Evo5_ML_SA_40SPD_DIA_SCP_iPSCs_1Cellc_9.raw	v1.1.0	NT=ms-proteomics;VV=v1.1.0	NT=human;VV=v1.1.0	NT=single-cell;VV=v1.0.0	NT=dia-acquisition;VV=v1.1.0	NT=hiPSC cell;AC=BTO:0006081
iPSC_SC_10	NT=Homo sapiens;AC=NCBITaxon:9606	not applicable	NT=hiPSC cell;AC=BTO:0006081	NT=normal;AC=PATO:0000461	not available	not available	hi12	single cell	cellenONE	iPSC_SC_10	1	10	run 10	proteomic profiling by mass spectrometry	NT=Orbitrap Astral;AC=MS:1003378	NT=label free sample;AC=MS:1002038	NT=Oxidation;AC=UNIMOD:35;TA=M;MT=Variable	NT=Acetyl;AC=UNIMOD:1;PP=Protein N-term;MT=Variable	NT=Trypsin;AC=MS:1001251	NT=Lys-C;AC=MS:1001309	NT=beam-type collision-induced dissociation;AC=MS:1000422	Data-independent acquisition	not available	380	980	not available	20231207	1	1	20231207_AST5_Evo5_ML_SA_40SPD_DIA_SCP_iPSCs_1Cellc_10.raw	v1.1.0	NT=ms-proteomics;VV=v1.1.0	NT=human;VV=v1.1.0	NT=single-cell;VV=v1.0.0	NT=dia-acquisition;VV=v1.1.0	NT=hiPSC cell;AC=BTO:0006081
iPSC_SC_11	NT=Homo sapiens;AC=NCBITaxon:9606	not applicable	NT=hiPSC cell;AC=BTO:0006081	NT=normal;AC=PATO:0000461	not available	not available	hi12	single cell	cellenONE	iPSC_SC_11	1	11	run 11	proteomic profiling by mass spectrometry	NT=Orbitrap Astral;AC=MS:1003378	NT=label free sample;AC=MS:1002038	NT=Oxidation;AC=UNIMOD:35;TA=M;MT=Variable	NT=Acetyl;AC=UNIMOD:1;PP=Protein N-term;MT=Variable	NT=Trypsin;AC=MS:1001251	NT=Lys-C;AC=MS:1001309	NT=beam-type collision-induced dissociation;AC=MS:1000422	Data-independent acquisition	not available	380	980	not available	20231207	1	1	20231207_AST5_Evo5_ML_SA_40SPD_DIA_SCP_iPSCs_1Cellc_11.raw	v1.1.0	NT=ms-proteomics;VV=v1.1.0	NT=human;VV=v1.1.0	NT=single-cell;VV=v1.0.0	NT=dia-acquisition;VV=v1.1.0	NT=hiPSC cell;AC=BTO:0006081
iPSC_SC_12	NT=Homo sapiens;AC=NCBITaxon:9606	not applicable	NT=hiPSC cell;AC=BTO:0006081	NT=normal;AC=PATO:0000461	not available	not available	hi12	single cell	cellenONE	iPSC_SC_12	1	12	run 12	proteomic profiling by mass spectrometry	NT=Orbitrap Astral;AC=MS:1003378	NT=label free sample;AC=MS:1002038	NT=Oxidation;AC=UNIMOD:35;TA=M;MT=Variable	NT=Acetyl;AC=UNIMOD:1;PP=Protein N-term;MT=Variable	NT=Trypsin;AC=MS:1001251	NT=Lys-C;AC=MS:1001309	NT=beam-type collision-induced dissociation;AC=MS:1000422	Data-independent acquisition	not available	380	980	not available	20231207	1	1	20231207_AST5_Evo5_ML_SA_40SPD_DIA_SCP_iPSCs_1Cellc_12.raw	v1.1.0	NT=ms-proteomics;VV=v1.1.0	NT=human;VV=v1.1.0	NT=single-cell;VV=v1.0.0	NT=dia-acquisition;VV=v1.1.0	NT=hiPSC cell;AC=BTO:0006081
iPSC_20cellpool_1	NT=Homo sapiens;AC=NCBITaxon:9606	not applicable	NT=hiPSC cell;AC=BTO:0006081	NT=normal;AC=PATO:0000461	not available	not available	hi12	pooled	cellenONE	iPSC_20cellpool_1	20	1	run 13	proteomic profiling by mass spectrometry	NT=Orbitrap Astral;AC=MS:1003378	NT=label free sample;AC=MS:1002038	NT=Oxidation;AC=UNIMOD:35;TA=M;MT=Variable	NT=Acetyl;AC=UNIMOD:1;PP=Protein N-term;MT=Variable	NT=Trypsin;AC=MS:1001251	NT=Lys-C;AC=MS:1001309	NT=beam-type collision-induced dissociation;AC=MS:1000422	Data-independent acquisition	not available	380	980	not available	20231207	1	1	20231207_AST5_Evo5_ML_SA_40SPD_DIA_SCP_iPSCs_20Cellc_1.raw	v1.1.0	NT=ms-proteomics;VV=v1.1.0	NT=human;VV=v1.1.0	NT=single-cell;VV=v1.0.0	NT=dia-acquisition;VV=v1.1.0	NT=hiPSC cell;AC=BTO:0006081
iPSC_20cellpool_2	NT=Homo sapiens;AC=NCBITaxon:9606	not applicable	NT=hiPSC cell;AC=BTO:0006081	NT=normal;AC=PATO:0000461	not available	not available	hi12	pooled	cellenONE	iPSC_20cellpool_2	20	2	run 14	proteomic profiling by mass spectrometry	NT=Orbitrap Astral;AC=MS:1003378	NT=label free sample;AC=MS:1002038	NT=Oxidation;AC=UNIMOD:35;TA=M;MT=Variable	NT=Acetyl;AC=UNIMOD:1;PP=Protein N-term;MT=Variable	NT=Trypsin;AC=MS:1001251	NT=Lys-C;AC=MS:1001309	NT=beam-type collision-induced dissociation;AC=MS:1000422	Data-independent acquisition	not available	380	980	not available	20231207	1	1	20231207_AST5_Evo5_ML_SA_40SPD_DIA_SCP_iPSCs_20Cellc_2.raw	v1.1.0	NT=ms-proteomics;VV=v1.1.0	NT=human;VV=v1.1.0	NT=single-cell;VV=v1.0.0	NT=dia-acquisition;VV=v1.1.0	NT=hiPSC cell;AC=BTO:0006081
iPSC_20cellpool_3	NT=Homo sapiens;AC=NCBITaxon:9606	not applicable	NT=hiPSC cell;AC=BTO:0006081	NT=normal;AC=PATO:0000461	not available	not available	hi12	pooled	cellenONE	iPSC_20cellpool_3	20	3	run 15	proteomic profiling by mass spectrometry	NT=Orbitrap Astral;AC=MS:1003378	NT=label free sample;AC=MS:1002038	NT=Oxidation;AC=UNIMOD:35;TA=M;MT=Variable	NT=Acetyl;AC=UNIMOD:1;PP=Protein N-term;MT=Variable	NT=Trypsin;AC=MS:1001251	NT=Lys-C;AC=MS:1001309	NT=beam-type collision-induced dissociation;AC=MS:1000422	Data-independent acquisition	not available	380	980	not available	20231207	1	1	20231207_AST5_Evo5_ML_SA_40SPD_DIA_SCP_iPSCs_20Cellc_3.raw	v1.1.0	NT=ms-proteomics;VV=v1.1.0	NT=human;VV=v1.1.0	NT=single-cell;VV=v1.0.0	NT=dia-acquisition;VV=v1.1.0	NT=hiPSC cell;AC=BTO:0006081
EB_SC_1	NT=Homo sapiens;AC=NCBITaxon:9606	not applicable	NT=embryoid body;AC=BTO:0001718	NT=normal;AC=PATO:0000461	not available	not available	hi12	single cell	cellenONE	EB_SC_1	1	1	run 16	proteomic profiling by mass spectrometry	NT=Orbitrap Astral;AC=MS:1003378	NT=label free sample;AC=MS:1002038	NT=Oxidation;AC=UNIMOD:35;TA=M;MT=Variable	NT=Acetyl;AC=UNIMOD:1;PP=Protein N-term;MT=Variable	NT=Trypsin;AC=MS:1001251	NT=Lys-C;AC=MS:1001309	NT=beam-type collision-induced dissociation;AC=MS:1000422	Data-independent acquisition	not available	380	980	not available	20231207	1	1	20231207_AST5_Evo5_ML_SA_40SPD_DIA_SCP_EB_1Cellc_1.raw	v1.1.0	NT=ms-proteomics;VV=v1.1.0	NT=human;VV=v1.1.0	NT=single-cell;VV=v1.0.0	NT=dia-acquisition;VV=v1.1.0	NT=embryoid body;AC=BTO:0001718
EB_SC_2	NT=Homo sapiens;AC=NCBITaxon:9606	not applicable	NT=embryoid body;AC=BTO:0001718	NT=normal;AC=PATO:0000461	not available	not available	hi12	single cell	cellenONE	EB_SC_2	1	2	run 17	proteomic profiling by mass spectrometry	NT=Orbitrap Astral;AC=MS:1003378	NT=label free sample;AC=MS:1002038	NT=Oxidation;AC=UNIMOD:35;TA=M;MT=Variable	NT=Acetyl;AC=UNIMOD:1;PP=Protein N-term;MT=Variable	NT=Trypsin;AC=MS:1001251	NT=Lys-C;AC=MS:1001309	NT=beam-type collision-induced dissociation;AC=MS:1000422	Data-independent acquisition	not available	380	980	not available	20231207	1	1	20231207_AST5_Evo5_ML_SA_40SPD_DIA_SCP_EB_1Cellc_2.raw	v1.1.0	NT=ms-proteomics;VV=v1.1.0	NT=human;VV=v1.1.0	NT=single-cell;VV=v1.0.0	NT=dia-acquisition;VV=v1.1.0	NT=embryoid body;AC=BTO:0001718
EB_SC_3	NT=Homo sapiens;AC=NCBITaxon:9606	not applicable	NT=embryoid body;AC=BTO:0001718	NT=normal;AC=PATO:0000461	not available	not available	hi12	single cell	cellenONE	EB_SC_3	1	3	run 18	proteomic profiling by mass spectrometry	NT=Orbitrap Astral;AC=MS:1003378	NT=label free sample;AC=MS:1002038	NT=Oxidation;AC=UNIMOD:35;TA=M;MT=Variable	NT=Acetyl;AC=UNIMOD:1;PP=Protein N-term;MT=Variable	NT=Trypsin;AC=MS:1001251	NT=Lys-C;AC=MS:1001309	NT=beam-type collision-induced dissociation;AC=MS:1000422	Data-independent acquisition	not available	380	980	not available	20231207	1	1	20231207_AST5_Evo5_ML_SA_40SPD_DIA_SCP_EB_1Cellc_3.raw	v1.1.0	NT=ms-proteomics;VV=v1.1.0	NT=human;VV=v1.1.0	NT=single-cell;VV=v1.0.0	NT=dia-acquisition;VV=v1.1.0	NT=embryoid body;AC=BTO:0001718
EB_SC_4	NT=Homo sapiens;AC=NCBITaxon:9606	not applicable	NT=embryoid body;AC=BTO:0001718	NT=normal;AC=PATO:0000461	not available	not available	hi12	single cell	cellenONE	EB_SC_4	1	4	run 19	proteomic profiling by mass spectrometry	NT=Orbitrap Astral;AC=MS:1003378	NT=label free sample;AC=MS:1002038	NT=Oxidation;AC=UNIMOD:35;TA=M;MT=Variable	NT=Acetyl;AC=UNIMOD:1;PP=Protein N-term;MT=Variable	NT=Trypsin;AC=MS:1001251	NT=Lys-C;AC=MS:1001309	NT=beam-type collision-induced dissociation;AC=MS:1000422	Data-independent acquisition	not available	380	980	not available	20231207	1	1	20231207_AST5_Evo5_ML_SA_40SPD_DIA_SCP_EB_1Cellc_4.raw	v1.1.0	NT=ms-proteomics;VV=v1.1.0	NT=human;VV=v1.1.0	NT=single-cell;VV=v1.0.0	NT=dia-acquisition;VV=v1.1.0	NT=embryoid body;AC=BTO:0001718
EB_SC_5	NT=Homo sapiens;AC=NCBITaxon:9606	not applicable	NT=embryoid body;AC=BTO:0001718	NT=normal;AC=PATO:0000461	not available	not available	hi12	single cell	cellenONE	EB_SC_5	1	5	run 20	proteomic profiling by mass spectrometry	NT=Orbitrap Astral;AC=MS:1003378	NT=label free sample;AC=MS:1002038	NT=Oxidation;AC=UNIMOD:35;TA=M;MT=Variable	NT=Acetyl;AC=UNIMOD:1;PP=Protein N-term;MT=Variable	NT=Trypsin;AC=MS:1001251	NT=Lys-C;AC=MS:1001309	NT=beam-type collision-induced dissociation;AC=MS:1000422	Data-independent acquisition	not available	380	980	not available	20231207	1	1	20231207_AST5_Evo5_ML_SA_40SPD_DIA_SCP_EB_1Cellc_5.raw	v1.1.0	NT=ms-proteomics;VV=v1.1.0	NT=human;VV=v1.1.0	NT=single-cell;VV=v1.0.0	NT=dia-acquisition;VV=v1.1.0	NT=embryoid body;AC=BTO:0001718
EB_SC_6	NT=Homo sapiens;AC=NCBITaxon:9606	not applicable	NT=embryoid body;AC=BTO:0001718	NT=normal;AC=PATO:0000461	not available	not available	hi12	single cell	cellenONE	EB_SC_6	1	6	run 21	proteomic profiling by mass spectrometry	NT=Orbitrap Astral;AC=MS:1003378	NT=label free sample;AC=MS:1002038	NT=Oxidation;AC=UNIMOD:35;TA=M;MT=Variable	NT=Acetyl;AC=UNIMOD:1;PP=Protein N-term;MT=Variable	NT=Trypsin;AC=MS:1001251	NT=Lys-C;AC=MS:1001309	NT=beam-type collision-induced dissociation;AC=MS:1000422	Data-independent acquisition	not available	380	980	not available	20231207	1	1	20231207_AST5_Evo5_ML_SA_40SPD_DIA_SCP_EB_1Cellc_6.raw	v1.1.0	NT=ms-proteomics;VV=v1.1.0	NT=human;VV=v1.1.0	NT=single-cell;VV=v1.0.0	NT=dia-acquisition;VV=v1.1.0	NT=embryoid body;AC=BTO:0001718
EB_SC_7	NT=Homo sapiens;AC=NCBITaxon:9606	not applicable	NT=embryoid body;AC=BTO:0001718	NT=normal;AC=PATO:0000461	not available	not available	hi12	single cell	cellenONE	EB_SC_7	1	7	run 22	proteomic profiling by mass spectrometry	NT=Orbitrap Astral;AC=MS:1003378	NT=label free sample;AC=MS:1002038	NT=Oxidation;AC=UNIMOD:35;TA=M;MT=Variable	NT=Acetyl;AC=UNIMOD:1;PP=Protein N-term;MT=Variable	NT=Trypsin;AC=MS:1001251	NT=Lys-C;AC=MS:1001309	NT=beam-type collision-induced dissociation;AC=MS:1000422	Data-independent acquisition	not available	380	980	not available	20231207	1	1	20231207_AST5_Evo5_ML_SA_40SPD_DIA_SCP_EB_1Cellc_7.raw	v1.1.0	NT=ms-proteomics;VV=v1.1.0	NT=human;VV=v1.1.0	NT=single-cell;VV=v1.0.0	NT=dia-acquisition;VV=v1.1.0	NT=embryoid body;AC=BTO:0001718
EB_SC_8	NT=Homo sapiens;AC=NCBITaxon:9606	not applicable	NT=embryoid body;AC=BTO:0001718	NT=normal;AC=PATO:0000461	not available	not available	hi12	single cell	cellenONE	EB_SC_8	1	8	run 23	proteomic profiling by mass spectrometry	NT=Orbitrap Astral;AC=MS:1003378	NT=label free sample;AC=MS:1002038	NT=Oxidation;AC=UNIMOD:35;TA=M;MT=Variable	NT=Acetyl;AC=UNIMOD:1;PP=Protein N-term;MT=Variable	NT=Trypsin;AC=MS:1001251	NT=Lys-C;AC=MS:1001309	NT=beam-type collision-induced dissociation;AC=MS:1000422	Data-independent acquisition	not available	380	980	not available	20231207	1	1	20231207_AST5_Evo5_ML_SA_40SPD_DIA_SCP_EB_1Cellc_8.raw	v1.1.0	NT=ms-proteomics;VV=v1.1.0	NT=human;VV=v1.1.0	NT=single-cell;VV=v1.0.0	NT=dia-acquisition;VV=v1.1.0	NT=embryoid body;AC=BTO:0001718
EB_SC_9	NT=Homo sapiens;AC=NCBITaxon:9606	not applicable	NT=embryoid body;AC=BTO:0001718	NT=normal;AC=PATO:0000461	not available	not available	hi12	single cell	cellenONE	EB_SC_9	1	9	run 24	proteomic profiling by mass spectrometry	NT=Orbitrap Astral;AC=MS:1003378	NT=label free sample;AC=MS:1002038	NT=Oxidation;AC=UNIMOD:35;TA=M;MT=Variable	NT=Acetyl;AC=UNIMOD:1;PP=Protein N-term;MT=Variable	NT=Trypsin;AC=MS:1001251	NT=Lys-C;AC=MS:1001309	NT=beam-type collision-induced dissociation;AC=MS:1000422	Data-independent acquisition	not available	380	980	not available	20231207	1	1	20231207_AST5_Evo5_ML_SA_40SPD_DIA_SCP_EB_1Cellc_9.raw	v1.1.0	NT=ms-proteomics;VV=v1.1.0	NT=human;VV=v1.1.0	NT=single-cell;VV=v1.0.0	NT=dia-acquisition;VV=v1.1.0	NT=embryoid body;AC=BTO:0001718
EB_SC_10	NT=Homo sapiens;AC=NCBITaxon:9606	not applicable	NT=embryoid body;AC=BTO:0001718	NT=normal;AC=PATO:0000461	not available	not available	hi12	single cell	cellenONE	EB_SC_10	1	10	run 25	proteomic profiling by mass spectrometry	NT=Orbitrap Astral;AC=MS:1003378	NT=label free sample;AC=MS:1002038	NT=Oxidation;AC=UNIMOD:35;TA=M;MT=Variable	NT=Acetyl;AC=UNIMOD:1;PP=Protein N-term;MT=Variable	NT=Trypsin;AC=MS:1001251	NT=Lys-C;AC=MS:1001309	NT=beam-type collision-induced dissociation;AC=MS:1000422	Data-independent acquisition	not available	380	980	not available	20231207	1	1	20231207_AST5_Evo5_ML_SA_40SPD_DIA_SCP_EB_1Cellc_10.raw	v1.1.0	NT=ms-proteomics;VV=v1.1.0	NT=human;VV=v1.1.0	NT=single-cell;VV=v1.0.0	NT=dia-acquisition;VV=v1.1.0	NT=embryoid body;AC=BTO:0001718
EB_SC_11	NT=Homo sapiens;AC=NCBITaxon:9606	not applicable	NT=embryoid body;AC=BTO:0001718	NT=normal;AC=PATO:0000461	not available	not available	hi12	single cell	cellenONE	EB_SC_11	1	11	run 26	proteomic profiling by mass spectrometry	NT=Orbitrap Astral;AC=MS:1003378	NT=label free sample;AC=MS:1002038	NT=Oxidation;AC=UNIMOD:35;TA=M;MT=Variable	NT=Acetyl;AC=UNIMOD:1;PP=Protein N-term;MT=Variable	NT=Trypsin;AC=MS:1001251	NT=Lys-C;AC=MS:1001309	NT=beam-type collision-induced dissociation;AC=MS:1000422	Data-independent acquisition	not available	380	980	not available	20231207	1	1	20231207_AST5_Evo5_ML_SA_40SPD_DIA_SCP_EB_1Cellc_11.raw	v1.1.0	NT=ms-proteomics;VV=v1.1.0	NT=human;VV=v1.1.0	NT=single-cell;VV=v1.0.0	NT=dia-acquisition;VV=v1.1.0	NT=embryoid body;AC=BTO:0001718
EB_SC_12	NT=Homo sapiens;AC=NCBITaxon:9606	not applicable	NT=embryoid body;AC=BTO:0001718	NT=normal;AC=PATO:0000461	not available	not available	hi12	single cell	cellenONE	EB_SC_12	1	12	run 27	proteomic profiling by mass spectrometry	NT=Orbitrap Astral;AC=MS:1003378	NT=label free sample;AC=MS:1002038	NT=Oxidation;AC=UNIMOD:35;TA=M;MT=Variable	NT=Acetyl;AC=UNIMOD:1;PP=Protein N-term;MT=Variable	NT=Trypsin;AC=MS:1001251	NT=Lys-C;AC=MS:1001309	NT=beam-type collision-induced dissociation;AC=MS:1000422	Data-independent acquisition	not available	380	980	not available	20231207	1	1	20231207_AST5_Evo5_ML_SA_40SPD_DIA_SCP_EB_1Cellc_12.raw	v1.1.0	NT=ms-proteomics;VV=v1.1.0	NT=human;VV=v1.1.0	NT=single-cell;VV=v1.0.0	NT=dia-acquisition;VV=v1.1.0	NT=embryoid body;AC=BTO:0001718
EB_SC_13	NT=Homo sapiens;AC=NCBITaxon:9606	not applicable	NT=embryoid body;AC=BTO:0001718	NT=normal;AC=PATO:0000461	not available	not available	hi12	single cell	cellenONE	EB_SC_13	1	13	run 28	proteomic profiling by mass spectrometry	NT=Orbitrap Astral;AC=MS:1003378	NT=label free sample;AC=MS:1002038	NT=Oxidation;AC=UNIMOD:35;TA=M;MT=Variable	NT=Acetyl;AC=UNIMOD:1;PP=Protein N-term;MT=Variable	NT=Trypsin;AC=MS:1001251	NT=Lys-C;AC=MS:1001309	NT=beam-type collision-induced dissociation;AC=MS:1000422	Data-independent acquisition	not available	380	980	not available	20231207	1	1	20231207_AST5_Evo5_ML_SA_40SPD_DIA_SCP_EB_1Cellc_13.raw	v1.1.0	NT=ms-proteomics;VV=v1.1.0	NT=human;VV=v1.1.0	NT=single-cell;VV=v1.0.0	NT=dia-acquisition;VV=v1.1.0	NT=embryoid body;AC=BTO:0001718
EB_SC_14	NT=Homo sapiens;AC=NCBITaxon:9606	not applicable	NT=embryoid body;AC=BTO:0001718	NT=normal;AC=PATO:0000461	not available	not available	hi12	single cell	cellenONE	EB_SC_14	1	14	run 29	proteomic profiling by mass spectrometry	NT=Orbitrap Astral;AC=MS:1003378	NT=label free sample;AC=MS:1002038	NT=Oxidation;AC=UNIMOD:35;TA=M;MT=Variable	NT=Acetyl;AC=UNIMOD:1;PP=Protein N-term;MT=Variable	NT=Trypsin;AC=MS:1001251	NT=Lys-C;AC=MS:1001309	NT=beam-type collision-induced dissociation;AC=MS:1000422	Data-independent acquisition	not available	380	980	not available	20231207	1	1	20231207_AST5_Evo5_ML_SA_40SPD_DIA_SCP_EB_1Cellc_14.raw	v1.1.0	NT=ms-proteomics;VV=v1.1.0	NT=human;VV=v1.1.0	NT=single-cell;VV=v1.0.0	NT=dia-acquisition;VV=v1.1.0	NT=embryoid body;AC=BTO:0001718
EB_SC_15	NT=Homo sapiens;AC=NCBITaxon:9606	not applicable	NT=embryoid body;AC=BTO:0001718	NT=normal;AC=PATO:0000461	not available	not available	hi12	single cell	cellenONE	EB_SC_15	1	15	run 30	proteomic profiling by mass spectrometry	NT=Orbitrap Astral;AC=MS:1003378	NT=label free sample;AC=MS:1002038	NT=Oxidation;AC=UNIMOD:35;TA=M;MT=Variable	NT=Acetyl;AC=UNIMOD:1;PP=Protein N-term;MT=Variable	NT=Trypsin;AC=MS:1001251	NT=Lys-C;AC=MS:1001309	NT=beam-type collision-induced dissociation;AC=MS:1000422	Data-independent acquisition	not available	380	980	not available	20231207	1	1	20231207_AST5_Evo5_ML_SA_40SPD_DIA_SCP_EB_1Cellc_15.raw	v1.1.0	NT=ms-proteomics;VV=v1.1.0	NT=human;VV=v1.1.0	NT=single-cell;VV=v1.0.0	NT=dia-acquisition;VV=v1.1.0	NT=embryoid body;AC=BTO:0001718
EB_SC_16	NT=Homo sapiens;AC=NCBITaxon:9606	not applicable	NT=embryoid body;AC=BTO:0001718	NT=normal;AC=PATO:0000461	not available	not available	hi12	single cell	cellenONE	EB_SC_16	1	16	run 31	proteomic profiling by mass spectrometry	NT=Orbitrap Astral;AC=MS:1003378	NT=label free sample;AC=MS:1002038	NT=Oxidation;AC=UNIMOD:35;TA=M;MT=Variable	NT=Acetyl;AC=UNIMOD:1;PP=Protein N-term;MT=Variable	NT=Trypsin;AC=MS:1001251	NT=Lys-C;AC=MS:1001309	NT=beam-type collision-induced dissociation;AC=MS:1000422	Data-independent acquisition	not available	380	980	not available	20231207	1	1	20231207_AST5_Evo5_ML_SA_40SPD_DIA_SCP_EB_1Cellc_16.raw	v1.1.0	NT=ms-proteomics;VV=v1.1.0	NT=human;VV=v1.1.0	NT=single-cell;VV=v1.0.0	NT=dia-acquisition;VV=v1.1.0	NT=embryoid body;AC=BTO:0001718
EB_SC_17	NT=Homo sapiens;AC=NCBITaxon:9606	not applicable	NT=embryoid body;AC=BTO:0001718	NT=normal;AC=PATO:0000461	not available	not available	hi12	single cell	cellenONE	EB_SC_17	1	17	run 32	proteomic profiling by mass spectrometry	NT=Orbitrap Astral;AC=MS:1003378	NT=label free sample;AC=MS:1002038	NT=Oxidation;AC=UNIMOD:35;TA=M;MT=Variable	NT=Acetyl;AC=UNIMOD:1;PP=Protein N-term;MT=Variable	NT=Trypsin;AC=MS:1001251	NT=Lys-C;AC=MS:1001309	NT=beam-type collision-induced dissociation;AC=MS:1000422	Data-independent acquisition	not available	380	980	not available	20231207	1	1	20231207_AST5_Evo5_ML_SA_40SPD_DIA_SCP_EB_1Cellc_17.raw	v1.1.0	NT=ms-proteomics;VV=v1.1.0	NT=human;VV=v1.1.0	NT=single-cell;VV=v1.0.0	NT=dia-acquisition;VV=v1.1.0	NT=embryoid body;AC=BTO:0001718
EB_SC_18	NT=Homo sapiens;AC=NCBITaxon:9606	not applicable	NT=embryoid body;AC=BTO:0001718	NT=normal;AC=PATO:0000461	not available	not available	hi12	single cell	cellenONE	EB_SC_18	1	18	run 33	proteomic profiling by mass spectrometry	NT=Orbitrap Astral;AC=MS:1003378	NT=label free sample;AC=MS:1002038	NT=Oxidation;AC=UNIMOD:35;TA=M;MT=Variable	NT=Acetyl;AC=UNIMOD:1;PP=Protein N-term;MT=Variable	NT=Trypsin;AC=MS:1001251	NT=Lys-C;AC=MS:1001309	NT=beam-type collision-induced dissociation;AC=MS:1000422	Data-independent acquisition	not available	380	980	not available	20231207	1	1	20231207_AST5_Evo5_ML_SA_40SPD_DIA_SCP_EB_1Cellc_18.raw	v1.1.0	NT=ms-proteomics;VV=v1.1.0	NT=human;VV=v1.1.0	NT=single-cell;VV=v1.0.0	NT=dia-acquisition;VV=v1.1.0	NT=embryoid body;AC=BTO:0001718
EB_SC_19	NT=Homo sapiens;AC=NCBITaxon:9606	not applicable	NT=embryoid body;AC=BTO:0001718	NT=normal;AC=PATO:0000461	not available	not available	hi12	single cell	cellenONE	EB_SC_19	1	19	run 34	proteomic profiling by mass spectrometry	NT=Orbitrap Astral;AC=MS:1003378	NT=label free sample;AC=MS:1002038	NT=Oxidation;AC=UNIMOD:35;TA=M;MT=Variable	NT=Acetyl;AC=UNIMOD:1;PP=Protein N-term;MT=Variable	NT=Trypsin;AC=MS:1001251	NT=Lys-C;AC=MS:1001309	NT=beam-type collision-induced dissociation;AC=MS:1000422	Data-independent acquisition	not available	380	980	not available	20231207	1	1	20231207_AST5_Evo5_ML_SA_40SPD_DIA_SCP_EB_1Cellc_19.raw	v1.1.0	NT=ms-proteomics;VV=v1.1.0	NT=human;VV=v1.1.0	NT=single-cell;VV=v1.0.0	NT=dia-acquisition;VV=v1.1.0	NT=embryoid body;AC=BTO:0001718
EB_SC_20	NT=Homo sapiens;AC=NCBITaxon:9606	not applicable	NT=embryoid body;AC=BTO:0001718	NT=normal;AC=PATO:0000461	not available	not available	hi12	single cell	cellenONE	EB_SC_20	1	20	run 35	proteomic profiling by mass spectrometry	NT=Orbitrap Astral;AC=MS:1003378	NT=label free sample;AC=MS:1002038	NT=Oxidation;AC=UNIMOD:35;TA=M;MT=Variable	NT=Acetyl;AC=UNIMOD:1;PP=Protein N-term;MT=Variable	NT=Trypsin;AC=MS:1001251	NT=Lys-C;AC=MS:1001309	NT=beam-type collision-induced dissociation;AC=MS:1000422	Data-independent acquisition	not available	380	980	not available	20231207	1	1	20231207_AST5_Evo5_ML_SA_40SPD_DIA_SCP_EB_1Cellc_20.raw	v1.1.0	NT=ms-proteomics;VV=v1.1.0	NT=human;VV=v1.1.0	NT=single-cell;VV=v1.0.0	NT=dia-acquisition;VV=v1.1.0	NT=embryoid body;AC=BTO:0001718
EB_SC_21	NT=Homo sapiens;AC=NCBITaxon:9606	not applicable	NT=embryoid body;AC=BTO:0001718	NT=normal;AC=PATO:0000461	not available	not available	hi12	single cell	cellenONE	EB_SC_21	1	21	run 36	proteomic profiling by mass spectrometry	NT=Orbitrap Astral;AC=MS:1003378	NT=label free sample;AC=MS:1002038	NT=Oxidation;AC=UNIMOD:35;TA=M;MT=Variable	NT=Acetyl;AC=UNIMOD:1;PP=Protein N-term;MT=Variable	NT=Trypsin;AC=MS:1001251	NT=Lys-C;AC=MS:1001309	NT=beam-type collision-induced dissociation;AC=MS:1000422	Data-independent acquisition	not available	380	980	not available	20231207	1	1	20231207_AST5_Evo5_ML_SA_40SPD_DIA_SCP_EB_1Cellc_21.raw	v1.1.0	NT=ms-proteomics;VV=v1.1.0	NT=human;VV=v1.1.0	NT=single-cell;VV=v1.0.0	NT=dia-acquisition;VV=v1.1.0	NT=embryoid body;AC=BTO:0001718
EB_SC_22	NT=Homo sapiens;AC=NCBITaxon:9606	not applicable	NT=embryoid body;AC=BTO:0001718	NT=normal;AC=PATO:0000461	not available	not available	hi12	single cell	cellenONE	EB_SC_22	1	22	run 37	proteomic profiling by mass spectrometry	NT=Orbitrap Astral;AC=MS:1003378	NT=label free sample;AC=MS:1002038	NT=Oxidation;AC=UNIMOD:35;TA=M;MT=Variable	NT=Acetyl;AC=UNIMOD:1;PP=Protein N-term;MT=Variable	NT=Trypsin;AC=MS:1001251	NT=Lys-C;AC=MS:1001309	NT=beam-type collision-induced dissociation;AC=MS:1000422	Data-independent acquisition	not available	380	980	not available	20231207	1	1	20231207_AST5_Evo5_ML_SA_40SPD_DIA_SCP_EB_1Cellc_22.raw	v1.1.0	NT=ms-proteomics;VV=v1.1.0	NT=human;VV=v1.1.0	NT=single-cell;VV=v1.0.0	NT=dia-acquisition;VV=v1.1.0	NT=embryoid body;AC=BTO:0001718
EB_SC_23	NT=Homo sapiens;AC=NCBITaxon:9606	not applicable	NT=embryoid body;AC=BTO:0001718	NT=normal;AC=PATO:0000461	not available	not available	hi12	single cell	cellenONE	EB_SC_23	1	23	run 38	proteomic profiling by mass spectrometry	NT=Orbitrap Astral;AC=MS:1003378	NT=label free sample;AC=MS:1002038	NT=Oxidation;AC=UNIMOD:35;TA=M;MT=Variable	NT=Acetyl;AC=UNIMOD:1;PP=Protein N-term;MT=Variable	NT=Trypsin;AC=MS:1001251	NT=Lys-C;AC=MS:1001309	NT=beam-type collision-induced dissociation;AC=MS:1000422	Data-independent acquisition	not available	380	980	not available	20231207	1	1	20231207_AST5_Evo5_ML_SA_40SPD_DIA_SCP_EB_1Cellc_23.raw	v1.1.0	NT=ms-proteomics;VV=v1.1.0	NT=human;VV=v1.1.0	NT=single-cell;VV=v1.0.0	NT=dia-acquisition;VV=v1.1.0	NT=embryoid body;AC=BTO:0001718
EB_SC_24	NT=Homo sapiens;AC=NCBITaxon:9606	not applicable	NT=embryoid body;AC=BTO:0001718	NT=normal;AC=PATO:0000461	not available	not available	hi12	single cell	cellenONE	EB_SC_24	1	24	run 39	proteomic profiling by mass spectrometry	NT=Orbitrap Astral;AC=MS:1003378	NT=label free sample;AC=MS:1002038	NT=Oxidation;AC=UNIMOD:35;TA=M;MT=Variable	NT=Acetyl;AC=UNIMOD:1;PP=Protein N-term;MT=Variable	NT=Trypsin;AC=MS:1001251	NT=Lys-C;AC=MS:1001309	NT=beam-type collision-induced dissociation;AC=MS:1000422	Data-independent acquisition	not available	380	980	not available	20231207	1	1	20231207_AST5_Evo5_ML_SA_40SPD_DIA_SCP_EB_1Cellc_24.raw	v1.1.0	NT=ms-proteomics;VV=v1.1.0	NT=human;VV=v1.1.0	NT=single-cell;VV=v1.0.0	NT=dia-acquisition;VV=v1.1.0	NT=embryoid body;AC=BTO:0001718
EB_SC_25	NT=Homo sapiens;AC=NCBITaxon:9606	not applicable	NT=embryoid body;AC=BTO:0001718	NT=normal;AC=PATO:0000461	not available	not available	hi12	single cell	cellenONE	EB_SC_25	1	25	run 40	proteomic profiling by mass spectrometry	NT=Orbitrap Astral;AC=MS:1003378	NT=label free sample;AC=MS:1002038	NT=Oxidation;AC=UNIMOD:35;TA=M;MT=Variable	NT=Acetyl;AC=UNIMOD:1;PP=Protein N-term;MT=Variable	NT=Trypsin;AC=MS:1001251	NT=Lys-C;AC=MS:1001309	NT=beam-type collision-induced dissociation;AC=MS:1000422	Data-independent acquisition	not available	380	980	not available	20231207	1	1	20231207_AST5_Evo5_ML_SA_40SPD_DIA_SCP_EB_1Cellc_25.raw	v1.1.0	NT=ms-proteomics;VV=v1.1.0	NT=human;VV=v1.1.0	NT=single-cell;VV=v1.0.0	NT=dia-acquisition;VV=v1.1.0	NT=embryoid body;AC=BTO:0001718
EB_SC_26	NT=Homo sapiens;AC=NCBITaxon:9606	not applicable	NT=embryoid body;AC=BTO:0001718	NT=normal;AC=PATO:0000461	not available	not available	hi12	single cell	cellenONE	EB_SC_26	1	26	run 41	proteomic profiling by mass spectrometry	NT=Orbitrap Astral;AC=MS:1003378	NT=label free sample;AC=MS:1002038	NT=Oxidation;AC=UNIMOD:35;TA=M;MT=Variable	NT=Acetyl;AC=UNIMOD:1;PP=Protein N-term;MT=Variable	NT=Trypsin;AC=MS:1001251	NT=Lys-C;AC=MS:1001309	NT=beam-type collision-induced dissociation;AC=MS:1000422	Data-independent acquisition	not available	380	980	not available	20231207	1	1	20231207_AST5_Evo5_ML_SA_40SPD_DIA_SCP_EB_1Cellc_26.raw	v1.1.0	NT=ms-proteomics;VV=v1.1.0	NT=human;VV=v1.1.0	NT=single-cell;VV=v1.0.0	NT=dia-acquisition;VV=v1.1.0	NT=embryoid body;AC=BTO:0001718
EB_SC_27	NT=Homo sapiens;AC=NCBITaxon:9606	not applicable	NT=embryoid body;AC=BTO:0001718	NT=normal;AC=PATO:0000461	not available	not available	hi12	single cell	cellenONE	EB_SC_27	1	27	run 42	proteomic profiling by mass spectrometry	NT=Orbitrap Astral;AC=MS:1003378	NT=label free sample;AC=MS:1002038	NT=Oxidation;AC=UNIMOD:35;TA=M;MT=Variable	NT=Acetyl;AC=UNIMOD:1;PP=Protein N-term;MT=Variable	NT=Trypsin;AC=MS:1001251	NT=Lys-C;AC=MS:1001309	NT=beam-type collision-induced dissociation;AC=MS:1000422	Data-independent acquisition	not available	380	980	not available	20231207	1	1	20231207_AST5_Evo5_ML_SA_40SPD_DIA_SCP_EB_1Cellc_27.raw	v1.1.0	NT=ms-proteomics;VV=v1.1.0	NT=human;VV=v1.1.0	NT=single-cell;VV=v1.0.0	NT=dia-acquisition;VV=v1.1.0	NT=embryoid body;AC=BTO:0001718
EB_SC_28	NT=Homo sapiens;AC=NCBITaxon:9606	not applicable	NT=embryoid body;AC=BTO:0001718	NT=normal;AC=PATO:0000461	not available	not available	hi12	single cell	cellenONE	EB_SC_28	1	28	run 43	proteomic profiling by mass spectrometry	NT=Orbitrap Astral;AC=MS:1003378	NT=label free sample;AC=MS:1002038	NT=Oxidation;AC=UNIMOD:35;TA=M;MT=Variable	NT=Acetyl;AC=UNIMOD:1;PP=Protein N-term;MT=Variable	NT=Trypsin;AC=MS:1001251	NT=Lys-C;AC=MS:1001309	NT=beam-type collision-induced dissociation;AC=MS:1000422	Data-independent acquisition	not available	380	980	not available	20231207	1	1	20231207_AST5_Evo5_ML_SA_40SPD_DIA_SCP_EB_1Cellc_28.raw	v1.1.0	NT=ms-proteomics;VV=v1.1.0	NT=human;VV=v1.1.0	NT=single-cell;VV=v1.0.0	NT=dia-acquisition;VV=v1.1.0	NT=embryoid body;AC=BTO:0001718
EB_SC_29	NT=Homo sapiens;AC=NCBITaxon:9606	not applicable	NT=embryoid body;AC=BTO:0001718	NT=normal;AC=PATO:0000461	not available	not available	hi12	single cell	cellenONE	EB_SC_29	1	29	run 44	proteomic profiling by mass spectrometry	NT=Orbitrap Astral;AC=MS:1003378	NT=label free sample;AC=MS:1002038	NT=Oxidation;AC=UNIMOD:35;TA=M;MT=Variable	NT=Acetyl;AC=UNIMOD:1;PP=Protein N-term;MT=Variable	NT=Trypsin;AC=MS:1001251	NT=Lys-C;AC=MS:1001309	NT=beam-type collision-induced dissociation;AC=MS:1000422	Data-independent acquisition	not available	380	980	not available	20231207	1	1	20231207_AST5_Evo5_ML_SA_40SPD_DIA_SCP_EB_1Cellc_29.raw	v1.1.0	NT=ms-proteomics;VV=v1.1.0	NT=human;VV=v1.1.0	NT=single-cell;VV=v1.0.0	NT=dia-acquisition;VV=v1.1.0	NT=embryoid body;AC=BTO:0001718
EB_SC_30	NT=Homo sapiens;AC=NCBITaxon:9606	not applicable	NT=embryoid body;AC=BTO:0001718	NT=normal;AC=PATO:0000461	not available	not available	hi12	single cell	cellenONE	EB_SC_30	1	30	run 45	proteomic profiling by mass spectrometry	NT=Orbitrap Astral;AC=MS:1003378	NT=label free sample;AC=MS:1002038	NT=Oxidation;AC=UNIMOD:35;TA=M;MT=Variable	NT=Acetyl;AC=UNIMOD:1;PP=Protein N-term;MT=Variable	NT=Trypsin;AC=MS:1001251	NT=Lys-C;AC=MS:1001309	NT=beam-type collision-induced dissociation;AC=MS:1000422	Data-independent acquisition	not available	380	980	not available	20231207	1	1	20231207_AST5_Evo5_ML_SA_40SPD_DIA_SCP_EB_1Cellc_30.raw	v1.1.0	NT=ms-proteomics;VV=v1.1.0	NT=human;VV=v1.1.0	NT=single-cell;VV=v1.0.0	NT=dia-acquisition;VV=v1.1.0	NT=embryoid body;AC=BTO:0001718
EB_SC_31	NT=Homo sapiens;AC=NCBITaxon:9606	not applicable	NT=embryoid body;AC=BTO:0001718	NT=normal;AC=PATO:0000461	not available	not available	hi12	single cell	cellenONE	EB_SC_31	1	31	run 46	proteomic profiling by mass spectrometry	NT=Orbitrap Astral;AC=MS:1003378	NT=label free sample;AC=MS:1002038	NT=Oxidation;AC=UNIMOD:35;TA=M;MT=Variable	NT=Acetyl;AC=UNIMOD:1;PP=Protein N-term;MT=Variable	NT=Trypsin;AC=MS:1001251	NT=Lys-C;AC=MS:1001309	NT=beam-type collision-induced dissociation;AC=MS:1000422	Data-independent acquisition	not available	380	980	not available	20231207	1	1	20231207_AST5_Evo5_ML_SA_40SPD_DIA_SCP_EB_1Cellc_31.raw	v1.1.0	NT=ms-proteomics;VV=v1.1.0	NT=human;VV=v1.1.0	NT=single-cell;VV=v1.0.0	NT=dia-acquisition;VV=v1.1.0	NT=embryoid body;AC=BTO:0001718
EB_SC_32	NT=Homo sapiens;AC=NCBITaxon:9606	not applicable	NT=embryoid body;AC=BTO:0001718	NT=normal;AC=PATO:0000461	not available	not available	hi12	single cell	cellenONE	EB_SC_32	1	32	run 47	proteomic profiling by mass spectrometry	NT=Orbitrap Astral;AC=MS:1003378	NT=label free sample;AC=MS:1002038	NT=Oxidation;AC=UNIMOD:35;TA=M;MT=Variable	NT=Acetyl;AC=UNIMOD:1;PP=Protein N-term;MT=Variable	NT=Trypsin;AC=MS:1001251	NT=Lys-C;AC=MS:1001309	NT=beam-type collision-induced dissociation;AC=MS:1000422	Data-independent acquisition	not available	380	980	not available	20231207	1	1	20231207_AST5_Evo5_ML_SA_40SPD_DIA_SCP_EB_1Cellc_32.raw	v1.1.0	NT=ms-proteomics;VV=v1.1.0	NT=human;VV=v1.1.0	NT=single-cell;VV=v1.0.0	NT=dia-acquisition;VV=v1.1.0	NT=embryoid body;AC=BTO:0001718
EB_SC_33	NT=Homo sapiens;AC=NCBITaxon:9606	not applicable	NT=embryoid body;AC=BTO:0001718	NT=normal;AC=PATO:0000461	not available	not available	hi12	single cell	cellenONE	EB_SC_33	1	33	run 48	proteomic profiling by mass spectrometry	NT=Orbitrap Astral;AC=MS:1003378	NT=label free sample;AC=MS:1002038	NT=Oxidation;AC=UNIMOD:35;TA=M;MT=Variable	NT=Acetyl;AC=UNIMOD:1;PP=Protein N-term;MT=Variable	NT=Trypsin;AC=MS:1001251	NT=Lys-C;AC=MS:1001309	NT=beam-type collision-induced dissociation;AC=MS:1000422	Data-independent acquisition	not available	380	980	not available	20231207	1	1	20231207_AST5_Evo5_ML_SA_40SPD_DIA_SCP_EB_1Cellc_33.raw	v1.1.0	NT=ms-proteomics;VV=v1.1.0	NT=human;VV=v1.1.0	NT=single-cell;VV=v1.0.0	NT=dia-acquisition;VV=v1.1.0	NT=embryoid body;AC=BTO:0001718
EB_SC_34	NT=Homo sapiens;AC=NCBITaxon:9606	not applicable	NT=embryoid body;AC=BTO:0001718	NT=normal;AC=PATO:0000461	not available	not available	hi12	single cell	cellenONE	EB_SC_34	1	34	run 49	proteomic profiling by mass spectrometry	NT=Orbitrap Astral;AC=MS:1003378	NT=label free sample;AC=MS:1002038	NT=Oxidation;AC=UNIMOD:35;TA=M;MT=Variable	NT=Acetyl;AC=UNIMOD:1;PP=Protein N-term;MT=Variable	NT=Trypsin;AC=MS:1001251	NT=Lys-C;AC=MS:1001309	NT=beam-type collision-induced dissociation;AC=MS:1000422	Data-independent acquisition	not available	380	980	not available	20231207	1	1	20231207_AST5_Evo5_ML_SA_40SPD_DIA_SCP_EB_1Cellc_34.raw	v1.1.0	NT=ms-proteomics;VV=v1.1.0	NT=human;VV=v1.1.0	NT=single-cell;VV=v1.0.0	NT=dia-acquisition;VV=v1.1.0	NT=embryoid body;AC=BTO:0001718
EB_SC_35	NT=Homo sapiens;AC=NCBITaxon:9606	not applicable	NT=embryoid body;AC=BTO:0001718	NT=normal;AC=PATO:0000461	not available	not available	hi12	single cell	cellenONE	EB_SC_35	1	35	run 50	proteomic profiling by mass spectrometry	NT=Orbitrap Astral;AC=MS:1003378	NT=label free sample;AC=MS:1002038	NT=Oxidation;AC=UNIMOD:35;TA=M;MT=Variable	NT=Acetyl;AC=UNIMOD:1;PP=Protein N-term;MT=Variable	NT=Trypsin;AC=MS:1001251	NT=Lys-C;AC=MS:1001309	NT=beam-type collision-induced dissociation;AC=MS:1000422	Data-independent acquisition	not available	380	980	not available	20231207	1	1	20231207_AST5_Evo5_ML_SA_40SPD_DIA_SCP_EB_1Cellc_35.raw	v1.1.0	NT=ms-proteomics;VV=v1.1.0	NT=human;VV=v1.1.0	NT=single-cell;VV=v1.0.0	NT=dia-acquisition;VV=v1.1.0	NT=embryoid body;AC=BTO:0001718
EB_SC_36	NT=Homo sapiens;AC=NCBITaxon:9606	not applicable	NT=embryoid body;AC=BTO:0001718	NT=normal;AC=PATO:0000461	not available	not available	hi12	single cell	cellenONE	EB_SC_36	1	36	run 51	proteomic profiling by mass spectrometry	NT=Orbitrap Astral;AC=MS:1003378	NT=label free sample;AC=MS:1002038	NT=Oxidation;AC=UNIMOD:35;TA=M;MT=Variable	NT=Acetyl;AC=UNIMOD:1;PP=Protein N-term;MT=Variable	NT=Trypsin;AC=MS:1001251	NT=Lys-C;AC=MS:1001309	NT=beam-type collision-induced dissociation;AC=MS:1000422	Data-independent acquisition	not available	380	980	not available	20231207	1	1	20231207_AST5_Evo5_ML_SA_40SPD_DIA_SCP_EB_1Cellc_36.raw	v1.1.0	NT=ms-proteomics;VV=v1.1.0	NT=human;VV=v1.1.0	NT=single-cell;VV=v1.0.0	NT=dia-acquisition;VV=v1.1.0	NT=embryoid body;AC=BTO:0001718
EB_SC_37	NT=Homo sapiens;AC=NCBITaxon:9606	not applicable	NT=embryoid body;AC=BTO:0001718	NT=normal;AC=PATO:0000461	not available	not available	hi12	single cell	cellenONE	EB_SC_37	1	37	run 52	proteomic profiling by mass spectrometry	NT=Orbitrap Astral;AC=MS:1003378	NT=label free sample;AC=MS:1002038	NT=Oxidation;AC=UNIMOD:35;TA=M;MT=Variable	NT=Acetyl;AC=UNIMOD:1;PP=Protein N-term;MT=Variable	NT=Trypsin;AC=MS:1001251	NT=Lys-C;AC=MS:1001309	NT=beam-type collision-induced dissociation;AC=MS:1000422	Data-independent acquisition	not available	380	980	not available	20231207	1	1	20231207_AST5_Evo5_ML_SA_40SPD_DIA_SCP_EB_1Cellc_37.raw	v1.1.0	NT=ms-proteomics;VV=v1.1.0	NT=human;VV=v1.1.0	NT=single-cell;VV=v1.0.0	NT=dia-acquisition;VV=v1.1.0	NT=embryoid body;AC=BTO:0001718
EB_SC_38	NT=Homo sapiens;AC=NCBITaxon:9606	not applicable	NT=embryoid body;AC=BTO:0001718	NT=normal;AC=PATO:0000461	not available	not available	hi12	single cell	cellenONE	EB_SC_38	1	38	run 53	proteomic profiling by mass spectrometry	NT=Orbitrap Astral;AC=MS:1003378	NT=label free sample;AC=MS:1002038	NT=Oxidation;AC=UNIMOD:35;TA=M;MT=Variable	NT=Acetyl;AC=UNIMOD:1;PP=Protein N-term;MT=Variable	NT=Trypsin;AC=MS:1001251	NT=Lys-C;AC=MS:1001309	NT=beam-type collision-induced dissociation;AC=MS:1000422	Data-independent acquisition	not available	380	980	not available	20231207	1	1	20231207_AST5_Evo5_ML_SA_40SPD_DIA_SCP_EB_1Cellc_38.raw	v1.1.0	NT=ms-proteomics;VV=v1.1.0	NT=human;VV=v1.1.0	NT=single-cell;VV=v1.0.0	NT=dia-acquisition;VV=v1.1.0	NT=embryoid body;AC=BTO:0001718
EB_SC_39	NT=Homo sapiens;AC=NCBITaxon:9606	not applicable	NT=embryoid body;AC=BTO:0001718	NT=normal;AC=PATO:0000461	not available	not available	hi12	single cell	cellenONE	EB_SC_39	1	39	run 54	proteomic profiling by mass spectrometry	NT=Orbitrap Astral;AC=MS:1003378	NT=label free sample;AC=MS:1002038	NT=Oxidation;AC=UNIMOD:35;TA=M;MT=Variable	NT=Acetyl;AC=UNIMOD:1;PP=Protein N-term;MT=Variable	NT=Trypsin;AC=MS:1001251	NT=Lys-C;AC=MS:1001309	NT=beam-type collision-induced dissociation;AC=MS:1000422	Data-independent acquisition	not available	380	980	not available	20231207	1	1	20231207_AST5_Evo5_ML_SA_40SPD_DIA_SCP_EB_1Cellc_39.raw	v1.1.0	NT=ms-proteomics;VV=v1.1.0	NT=human;VV=v1.1.0	NT=single-cell;VV=v1.0.0	NT=dia-acquisition;VV=v1.1.0	NT=embryoid body;AC=BTO:0001718
EB_SC_40	NT=Homo sapiens;AC=NCBITaxon:9606	not applicable	NT=embryoid body;AC=BTO:0001718	NT=normal;AC=PATO:0000461	not available	not available	hi12	single cell	cellenONE	EB_SC_40	1	40	run 55	proteomic profiling by mass spectrometry	NT=Orbitrap Astral;AC=MS:1003378	NT=label free sample;AC=MS:1002038	NT=Oxidation;AC=UNIMOD:35;TA=M;MT=Variable	NT=Acetyl;AC=UNIMOD:1;PP=Protein N-term;MT=Variable	NT=Trypsin;AC=MS:1001251	NT=Lys-C;AC=MS:1001309	NT=beam-type collision-induced dissociation;AC=MS:1000422	Data-independent acquisition	not available	380	980	not available	20231207	1	1	20231207_AST5_Evo5_ML_SA_40SPD_DIA_SCP_EB_1Cellc_40.raw	v1.1.0	NT=ms-proteomics;VV=v1.1.0	NT=human;VV=v1.1.0	NT=single-cell;VV=v1.0.0	NT=dia-acquisition;VV=v1.1.0	NT=embryoid body;AC=BTO:0001718
EB_SC_41	NT=Homo sapiens;AC=NCBITaxon:9606	not applicable	NT=embryoid body;AC=BTO:0001718	NT=normal;AC=PATO:0000461	not available	not available	hi12	single cell	cellenONE	EB_SC_41	1	41	run 56	proteomic profiling by mass spectrometry	NT=Orbitrap Astral;AC=MS:1003378	NT=label free sample;AC=MS:1002038	NT=Oxidation;AC=UNIMOD:35;TA=M;MT=Variable	NT=Acetyl;AC=UNIMOD:1;PP=Protein N-term;MT=Variable	NT=Trypsin;AC=MS:1001251	NT=Lys-C;AC=MS:1001309	NT=beam-type collision-induced dissociation;AC=MS:1000422	Data-independent acquisition	not available	380	980	not available	20231207	1	1	20231207_AST5_Evo5_ML_SA_40SPD_DIA_SCP_EB_1Cellc_41.raw	v1.1.0	NT=ms-proteomics;VV=v1.1.0	NT=human;VV=v1.1.0	NT=single-cell;VV=v1.0.0	NT=dia-acquisition;VV=v1.1.0	NT=embryoid body;AC=BTO:0001718
EB_SC_42	NT=Homo sapiens;AC=NCBITaxon:9606	not applicable	NT=embryoid body;AC=BTO:0001718	NT=normal;AC=PATO:0000461	not available	not available	hi12	single cell	cellenONE	EB_SC_42	1	42	run 57	proteomic profiling by mass spectrometry	NT=Orbitrap Astral;AC=MS:1003378	NT=label free sample;AC=MS:1002038	NT=Oxidation;AC=UNIMOD:35;TA=M;MT=Variable	NT=Acetyl;AC=UNIMOD:1;PP=Protein N-term;MT=Variable	NT=Trypsin;AC=MS:1001251	NT=Lys-C;AC=MS:1001309	NT=beam-type collision-induced dissociation;AC=MS:1000422	Data-independent acquisition	not available	380	980	not available	20231207	1	1	20231207_AST5_Evo5_ML_SA_40SPD_DIA_SCP_EB_1Cellc_42.raw	v1.1.0	NT=ms-proteomics;VV=v1.1.0	NT=human;VV=v1.1.0	NT=single-cell;VV=v1.0.0	NT=dia-acquisition;VV=v1.1.0	NT=embryoid body;AC=BTO:0001718
EB_SC_43	NT=Homo sapiens;AC=NCBITaxon:9606	not applicable	NT=embryoid body;AC=BTO:0001718	NT=normal;AC=PATO:0000461	not available	not available	hi12	single cell	cellenONE	EB_SC_43	1	43	run 58	proteomic profiling by mass spectrometry	NT=Orbitrap Astral;AC=MS:1003378	NT=label free sample;AC=MS:1002038	NT=Oxidation;AC=UNIMOD:35;TA=M;MT=Variable	NT=Acetyl;AC=UNIMOD:1;PP=Protein N-term;MT=Variable	NT=Trypsin;AC=MS:1001251	NT=Lys-C;AC=MS:1001309	NT=beam-type collision-induced dissociation;AC=MS:1000422	Data-independent acquisition	not available	380	980	not available	20231207	1	1	20231207_AST5_Evo5_ML_SA_40SPD_DIA_SCP_EB_1Cellc_43.raw	v1.1.0	NT=ms-proteomics;VV=v1.1.0	NT=human;VV=v1.1.0	NT=single-cell;VV=v1.0.0	NT=dia-acquisition;VV=v1.1.0	NT=embryoid body;AC=BTO:0001718
EB_SC_44	NT=Homo sapiens;AC=NCBITaxon:9606	not applicable	NT=embryoid body;AC=BTO:0001718	NT=normal;AC=PATO:0000461	not available	not available	hi12	single cell	cellenONE	EB_SC_44	1	44	run 59	proteomic profiling by mass spectrometry	NT=Orbitrap Astral;AC=MS:1003378	NT=label free sample;AC=MS:1002038	NT=Oxidation;AC=UNIMOD:35;TA=M;MT=Variable	NT=Acetyl;AC=UNIMOD:1;PP=Protein N-term;MT=Variable	NT=Trypsin;AC=MS:1001251	NT=Lys-C;AC=MS:1001309	NT=beam-type collision-induced dissociation;AC=MS:1000422	Data-independent acquisition	not available	380	980	not available	20231207	1	1	20231207_AST5_Evo5_ML_SA_40SPD_DIA_SCP_EB_1Cellc_44.raw	v1.1.0	NT=ms-proteomics;VV=v1.1.0	NT=human;VV=v1.1.0	NT=single-cell;VV=v1.0.0	NT=dia-acquisition;VV=v1.1.0	NT=embryoid body;AC=BTO:0001718
EB_SC_45	NT=Homo sapiens;AC=NCBITaxon:9606	not applicable	NT=embryoid body;AC=BTO:0001718	NT=normal;AC=PATO:0000461	not available	not available	hi12	single cell	cellenONE	EB_SC_45	1	45	run 60	proteomic profiling by mass spectrometry	NT=Orbitrap Astral;AC=MS:1003378	NT=label free sample;AC=MS:1002038	NT=Oxidation;AC=UNIMOD:35;TA=M;MT=Variable	NT=Acetyl;AC=UNIMOD:1;PP=Protein N-term;MT=Variable	NT=Trypsin;AC=MS:1001251	NT=Lys-C;AC=MS:1001309	NT=beam-type collision-induced dissociation;AC=MS:1000422	Data-independent acquisition	not available	380	980	not available	20231207	1	1	20231207_AST5_Evo5_ML_SA_40SPD_DIA_SCP_EB_1Cellc_45.raw	v1.1.0	NT=ms-proteomics;VV=v1.1.0	NT=human;VV=v1.1.0	NT=single-cell;VV=v1.0.0	NT=dia-acquisition;VV=v1.1.0	NT=embryoid body;AC=BTO:0001718
EB_SC_46	NT=Homo sapiens;AC=NCBITaxon:9606	not applicable	NT=embryoid body;AC=BTO:0001718	NT=normal;AC=PATO:0000461	not available	not available	hi12	single cell	cellenONE	EB_SC_46	1	46	run 61	proteomic profiling by mass spectrometry	NT=Orbitrap Astral;AC=MS:1003378	NT=label free sample;AC=MS:1002038	NT=Oxidation;AC=UNIMOD:35;TA=M;MT=Variable	NT=Acetyl;AC=UNIMOD:1;PP=Protein N-term;MT=Variable	NT=Trypsin;AC=MS:1001251	NT=Lys-C;AC=MS:1001309	NT=beam-type collision-induced dissociation;AC=MS:1000422	Data-independent acquisition	not available	380	980	not available	20231207	1	1	20231207_AST5_Evo5_ML_SA_40SPD_DIA_SCP_EB_1Cellc_46.raw	v1.1.0	NT=ms-proteomics;VV=v1.1.0	NT=human;VV=v1.1.0	NT=single-cell;VV=v1.0.0	NT=dia-acquisition;VV=v1.1.0	NT=embryoid body;AC=BTO:0001718
EB_SC_47	NT=Homo sapiens;AC=NCBITaxon:9606	not applicable	NT=embryoid body;AC=BTO:0001718	NT=normal;AC=PATO:0000461	not available	not available	hi12	single cell	cellenONE	EB_SC_47	1	47	run 62	proteomic profiling by mass spectrometry	NT=Orbitrap Astral;AC=MS:1003378	NT=label free sample;AC=MS:1002038	NT=Oxidation;AC=UNIMOD:35;TA=M;MT=Variable	NT=Acetyl;AC=UNIMOD:1;PP=Protein N-term;MT=Variable	NT=Trypsin;AC=MS:1001251	NT=Lys-C;AC=MS:1001309	NT=beam-type collision-induced dissociation;AC=MS:1000422	Data-independent acquisition	not available	380	980	not available	20231207	1	1	20231207_AST5_Evo5_ML_SA_40SPD_DIA_SCP_EB_1Cellc_47.raw	v1.1.0	NT=ms-proteomics;VV=v1.1.0	NT=human;VV=v1.1.0	NT=single-cell;VV=v1.0.0	NT=dia-acquisition;VV=v1.1.0	NT=embryoid body;AC=BTO:0001718
EB_SC_48	NT=Homo sapiens;AC=NCBITaxon:9606	not applicable	NT=embryoid body;AC=BTO:0001718	NT=normal;AC=PATO:0000461	not available	not available	hi12	single cell	cellenONE	EB_SC_48	1	48	run 63	proteomic profiling by mass spectrometry	NT=Orbitrap Astral;AC=MS:1003378	NT=label free sample;AC=MS:1002038	NT=Oxidation;AC=UNIMOD:35;TA=M;MT=Variable	NT=Acetyl;AC=UNIMOD:1;PP=Protein N-term;MT=Variable	NT=Trypsin;AC=MS:1001251	NT=Lys-C;AC=MS:1001309	NT=beam-type collision-induced dissociation;AC=MS:1000422	Data-independent acquisition	not available	380	980	not available	20231207	1	1	20231207_AST5_Evo5_ML_SA_40SPD_DIA_SCP_EB_1Cellc_48.raw	v1.1.0	NT=ms-proteomics;VV=v1.1.0	NT=human;VV=v1.1.0	NT=single-cell;VV=v1.0.0	NT=dia-acquisition;VV=v1.1.0	NT=embryoid body;AC=BTO:0001718
EB_SC_49	NT=Homo sapiens;AC=NCBITaxon:9606	not applicable	NT=embryoid body;AC=BTO:0001718	NT=normal;AC=PATO:0000461	not available	not available	hi12	single cell	cellenONE	EB_SC_49	1	49	run 64	proteomic profiling by mass spectrometry	NT=Orbitrap Astral;AC=MS:1003378	NT=label free sample;AC=MS:1002038	NT=Oxidation;AC=UNIMOD:35;TA=M;MT=Variable	NT=Acetyl;AC=UNIMOD:1;PP=Protein N-term;MT=Variable	NT=Trypsin;AC=MS:1001251	NT=Lys-C;AC=MS:1001309	NT=beam-type collision-induced dissociation;AC=MS:1000422	Data-independent acquisition	not available	380	980	not available	20231207	1	1	20231207_AST5_Evo5_ML_SA_40SPD_DIA_SCP_EB_1Cellc_49.raw	v1.1.0	NT=ms-proteomics;VV=v1.1.0	NT=human;VV=v1.1.0	NT=single-cell;VV=v1.0.0	NT=dia-acquisition;VV=v1.1.0	NT=embryoid body;AC=BTO:0001718
EB_SC_50	NT=Homo sapiens;AC=NCBITaxon:9606	not applicable	NT=embryoid body;AC=BTO:0001718	NT=normal;AC=PATO:0000461	not available	not available	hi12	single cell	cellenONE	EB_SC_50	1	50	run 65	proteomic profiling by mass spectrometry	NT=Orbitrap Astral;AC=MS:1003378	NT=label free sample;AC=MS:1002038	NT=Oxidation;AC=UNIMOD:35;TA=M;MT=Variable	NT=Acetyl;AC=UNIMOD:1;PP=Protein N-term;MT=Variable	NT=Trypsin;AC=MS:1001251	NT=Lys-C;AC=MS:1001309	NT=beam-type collision-induced dissociation;AC=MS:1000422	Data-independent acquisition	not available	380	980	not available	20231207	1	1	20231207_AST5_Evo5_ML_SA_40SPD_DIA_SCP_EB_1Cellc_50.raw	v1.1.0	NT=ms-proteomics;VV=v1.1.0	NT=human;VV=v1.1.0	NT=single-cell;VV=v1.0.0	NT=dia-acquisition;VV=v1.1.0	NT=embryoid body;AC=BTO:0001718
EB_SC_51	NT=Homo sapiens;AC=NCBITaxon:9606	not applicable	NT=embryoid body;AC=BTO:0001718	NT=normal;AC=PATO:0000461	not available	not available	hi12	single cell	cellenONE	EB_SC_51	1	51	run 66	proteomic profiling by mass spectrometry	NT=Orbitrap Astral;AC=MS:1003378	NT=label free sample;AC=MS:1002038	NT=Oxidation;AC=UNIMOD:35;TA=M;MT=Variable	NT=Acetyl;AC=UNIMOD:1;PP=Protein N-term;MT=Variable	NT=Trypsin;AC=MS:1001251	NT=Lys-C;AC=MS:1001309	NT=beam-type collision-induced dissociation;AC=MS:1000422	Data-independent acquisition	not available	380	980	not available	20231207	1	1	20231207_AST5_Evo5_ML_SA_40SPD_DIA_SCP_EB_1Cellc_51.raw	v1.1.0	NT=ms-proteomics;VV=v1.1.0	NT=human;VV=v1.1.0	NT=single-cell;VV=v1.0.0	NT=dia-acquisition;VV=v1.1.0	NT=embryoid body;AC=BTO:0001718
EB_SC_52	NT=Homo sapiens;AC=NCBITaxon:9606	not applicable	NT=embryoid body;AC=BTO:0001718	NT=normal;AC=PATO:0000461	not available	not available	hi12	single cell	cellenONE	EB_SC_52	1	52	run 67	proteomic profiling by mass spectrometry	NT=Orbitrap Astral;AC=MS:1003378	NT=label free sample;AC=MS:1002038	NT=Oxidation;AC=UNIMOD:35;TA=M;MT=Variable	NT=Acetyl;AC=UNIMOD:1;PP=Protein N-term;MT=Variable	NT=Trypsin;AC=MS:1001251	NT=Lys-C;AC=MS:1001309	NT=beam-type collision-induced dissociation;AC=MS:1000422	Data-independent acquisition	not available	380	980	not available	20231207	1	1	20231207_AST5_Evo5_ML_SA_40SPD_DIA_SCP_EB_1Cellc_52.raw	v1.1.0	NT=ms-proteomics;VV=v1.1.0	NT=human;VV=v1.1.0	NT=single-cell;VV=v1.0.0	NT=dia-acquisition;VV=v1.1.0	NT=embryoid body;AC=BTO:0001718
EB_SC_53	NT=Homo sapiens;AC=NCBITaxon:9606	not applicable	NT=embryoid body;AC=BTO:0001718	NT=normal;AC=PATO:0000461	not available	not available	hi12	single cell	cellenONE	EB_SC_53	1	53	run 68	proteomic profiling by mass spectrometry	NT=Orbitrap Astral;AC=MS:1003378	NT=label free sample;AC=MS:1002038	NT=Oxidation;AC=UNIMOD:35;TA=M;MT=Variable	NT=Acetyl;AC=UNIMOD:1;PP=Protein N-term;MT=Variable	NT=Trypsin;AC=MS:1001251	NT=Lys-C;AC=MS:1001309	NT=beam-type collision-induced dissociation;AC=MS:1000422	Data-independent acquisition	not available	380	980	not available	20231207	1	1	20231207_AST5_Evo5_ML_SA_40SPD_DIA_SCP_EB_1Cellc_53.raw	v1.1.0	NT=ms-proteomics;VV=v1.1.0	NT=human;VV=v1.1.0	NT=single-cell;VV=v1.0.0	NT=dia-acquisition;VV=v1.1.0	NT=embryoid body;AC=BTO:0001718
EB_SC_54	NT=Homo sapiens;AC=NCBITaxon:9606	not applicable	NT=embryoid body;AC=BTO:0001718	NT=normal;AC=PATO:0000461	not available	not available	hi12	single cell	cellenONE	EB_SC_54	1	54	run 69	proteomic profiling by mass spectrometry	NT=Orbitrap Astral;AC=MS:1003378	NT=label free sample;AC=MS:1002038	NT=Oxidation;AC=UNIMOD:35;TA=M;MT=Variable	NT=Acetyl;AC=UNIMOD:1;PP=Protein N-term;MT=Variable	NT=Trypsin;AC=MS:1001251	NT=Lys-C;AC=MS:1001309	NT=beam-type collision-induced dissociation;AC=MS:1000422	Data-independent acquisition	not available	380	980	not available	20231207	1	1	20231207_AST5_Evo5_ML_SA_40SPD_DIA_SCP_EB_1Cellc_54.raw	v1.1.0	NT=ms-proteomics;VV=v1.1.0	NT=human;VV=v1.1.0	NT=single-cell;VV=v1.0.0	NT=dia-acquisition;VV=v1.1.0	NT=embryoid body;AC=BTO:0001718
EB_SC_55	NT=Homo sapiens;AC=NCBITaxon:9606	not applicable	NT=embryoid body;AC=BTO:0001718	NT=normal;AC=PATO:0000461	not available	not available	hi12	single cell	cellenONE	EB_SC_55	1	55	run 70	proteomic profiling by mass spectrometry	NT=Orbitrap Astral;AC=MS:1003378	NT=label free sample;AC=MS:1002038	NT=Oxidation;AC=UNIMOD:35;TA=M;MT=Variable	NT=Acetyl;AC=UNIMOD:1;PP=Protein N-term;MT=Variable	NT=Trypsin;AC=MS:1001251	NT=Lys-C;AC=MS:1001309	NT=beam-type collision-induced dissociation;AC=MS:1000422	Data-independent acquisition	not available	380	980	not available	20231207	1	1	20231207_AST5_Evo5_ML_SA_40SPD_DIA_SCP_EB_1Cellc_55.raw	v1.1.0	NT=ms-proteomics;VV=v1.1.0	NT=human;VV=v1.1.0	NT=single-cell;VV=v1.0.0	NT=dia-acquisition;VV=v1.1.0	NT=embryoid body;AC=BTO:0001718
EB_SC_56	NT=Homo sapiens;AC=NCBITaxon:9606	not applicable	NT=embryoid body;AC=BTO:0001718	NT=normal;AC=PATO:0000461	not available	not available	hi12	single cell	cellenONE	EB_SC_56	1	56	run 71	proteomic profiling by mass spectrometry	NT=Orbitrap Astral;AC=MS:1003378	NT=label free sample;AC=MS:1002038	NT=Oxidation;AC=UNIMOD:35;TA=M;MT=Variable	NT=Acetyl;AC=UNIMOD:1;PP=Protein N-term;MT=Variable	NT=Trypsin;AC=MS:1001251	NT=Lys-C;AC=MS:1001309	NT=beam-type collision-induced dissociation;AC=MS:1000422	Data-independent acquisition	not available	380	980	not available	20231207	1	1	20231207_AST5_Evo5_ML_SA_40SPD_DIA_SCP_EB_1Cellc_56.raw	v1.1.0	NT=ms-proteomics;VV=v1.1.0	NT=human;VV=v1.1.0	NT=single-cell;VV=v1.0.0	NT=dia-acquisition;VV=v1.1.0	NT=embryoid body;AC=BTO:0001718
EB_SC_57	NT=Homo sapiens;AC=NCBITaxon:9606	not applicable	NT=embryoid body;AC=BTO:0001718	NT=normal;AC=PATO:0000461	not available	not available	hi12	single cell	cellenONE	EB_SC_57	1	57	run 72	proteomic profiling by mass spectrometry	NT=Orbitrap Astral;AC=MS:1003378	NT=label free sample;AC=MS:1002038	NT=Oxidation;AC=UNIMOD:35;TA=M;MT=Variable	NT=Acetyl;AC=UNIMOD:1;PP=Protein N-term;MT=Variable	NT=Trypsin;AC=MS:1001251	NT=Lys-C;AC=MS:1001309	NT=beam-type collision-induced dissociation;AC=MS:1000422	Data-independent acquisition	not available	380	980	not available	20231207	1	1	20231207_AST5_Evo5_ML_SA_40SPD_DIA_SCP_EB_1Cellc_57.raw	v1.1.0	NT=ms-proteomics;VV=v1.1.0	NT=human;VV=v1.1.0	NT=single-cell;VV=v1.0.0	NT=dia-acquisition;VV=v1.1.0	NT=embryoid body;AC=BTO:0001718
EB_SC_58	NT=Homo sapiens;AC=NCBITaxon:9606	not applicable	NT=embryoid body;AC=BTO:0001718	NT=normal;AC=PATO:0000461	not available	not available	hi12	single cell	cellenONE	EB_SC_58	1	58	run 73	proteomic profiling by mass spectrometry	NT=Orbitrap Astral;AC=MS:1003378	NT=label free sample;AC=MS:1002038	NT=Oxidation;AC=UNIMOD:35;TA=M;MT=Variable	NT=Acetyl;AC=UNIMOD:1;PP=Protein N-term;MT=Variable	NT=Trypsin;AC=MS:1001251	NT=Lys-C;AC=MS:1001309	NT=beam-type collision-induced dissociation;AC=MS:1000422	Data-independent acquisition	not available	380	980	not available	20231207	1	1	20231207_AST5_Evo5_ML_SA_40SPD_DIA_SCP_EB_1Cellc_58.raw	v1.1.0	NT=ms-proteomics;VV=v1.1.0	NT=human;VV=v1.1.0	NT=single-cell;VV=v1.0.0	NT=dia-acquisition;VV=v1.1.0	NT=embryoid body;AC=BTO:0001718
EB_SC_59	NT=Homo sapiens;AC=NCBITaxon:9606	not applicable	NT=embryoid body;AC=BTO:0001718	NT=normal;AC=PATO:0000461	not available	not available	hi12	single cell	cellenONE	EB_SC_59	1	59	run 74	proteomic profiling by mass spectrometry	NT=Orbitrap Astral;AC=MS:1003378	NT=label free sample;AC=MS:1002038	NT=Oxidation;AC=UNIMOD:35;TA=M;MT=Variable	NT=Acetyl;AC=UNIMOD:1;PP=Protein N-term;MT=Variable	NT=Trypsin;AC=MS:1001251	NT=Lys-C;AC=MS:1001309	NT=beam-type collision-induced dissociation;AC=MS:1000422	Data-independent acquisition	not available	380	980	not available	20231207	1	1	20231207_AST5_Evo5_ML_SA_40SPD_DIA_SCP_EB_1Cellc_59.raw	v1.1.0	NT=ms-proteomics;VV=v1.1.0	NT=human;VV=v1.1.0	NT=single-cell;VV=v1.0.0	NT=dia-acquisition;VV=v1.1.0	NT=embryoid body;AC=BTO:0001718
EB_SC_61	NT=Homo sapiens;AC=NCBITaxon:9606	not applicable	NT=embryoid body;AC=BTO:0001718	NT=normal;AC=PATO:0000461	not available	not available	hi12	single cell	cellenONE	EB_SC_61	1	60	run 75	proteomic profiling by mass spectrometry	NT=Orbitrap Astral;AC=MS:1003378	NT=label free sample;AC=MS:1002038	NT=Oxidation;AC=UNIMOD:35;TA=M;MT=Variable	NT=Acetyl;AC=UNIMOD:1;PP=Protein N-term;MT=Variable	NT=Trypsin;AC=MS:1001251	NT=Lys-C;AC=MS:1001309	NT=beam-type collision-induced dissociation;AC=MS:1000422	Data-independent acquisition	not available	380	980	not available	20231207	1	1	20231207_AST5_Evo5_ML_SA_40SPD_DIA_SCP_EB_1Cellc_61.raw	v1.1.0	NT=ms-proteomics;VV=v1.1.0	NT=human;VV=v1.1.0	NT=single-cell;VV=v1.0.0	NT=dia-acquisition;VV=v1.1.0	NT=embryoid body;AC=BTO:0001718
EB_SC_62	NT=Homo sapiens;AC=NCBITaxon:9606	not applicable	NT=embryoid body;AC=BTO:0001718	NT=normal;AC=PATO:0000461	not available	not available	hi12	single cell	cellenONE	EB_SC_62	1	61	run 76	proteomic profiling by mass spectrometry	NT=Orbitrap Astral;AC=MS:1003378	NT=label free sample;AC=MS:1002038	NT=Oxidation;AC=UNIMOD:35;TA=M;MT=Variable	NT=Acetyl;AC=UNIMOD:1;PP=Protein N-term;MT=Variable	NT=Trypsin;AC=MS:1001251	NT=Lys-C;AC=MS:1001309	NT=beam-type collision-induced dissociation;AC=MS:1000422	Data-independent acquisition	not available	380	980	not available	20231207	1	1	20231207_AST5_Evo5_ML_SA_40SPD_DIA_SCP_EB_1Cellc_62.raw	v1.1.0	NT=ms-proteomics;VV=v1.1.0	NT=human;VV=v1.1.0	NT=single-cell;VV=v1.0.0	NT=dia-acquisition;VV=v1.1.0	NT=embryoid body;AC=BTO:0001718
EB_SC_63	NT=Homo sapiens;AC=NCBITaxon:9606	not applicable	NT=embryoid body;AC=BTO:0001718	NT=normal;AC=PATO:0000461	not available	not available	hi12	single cell	cellenONE	EB_SC_63	1	62	run 77	proteomic profiling by mass spectrometry	NT=Orbitrap Astral;AC=MS:1003378	NT=label free sample;AC=MS:1002038	NT=Oxidation;AC=UNIMOD:35;TA=M;MT=Variable	NT=Acetyl;AC=UNIMOD:1;PP=Protein N-term;MT=Variable	NT=Trypsin;AC=MS:1001251	NT=Lys-C;AC=MS:1001309	NT=beam-type collision-induced dissociation;AC=MS:1000422	Data-independent acquisition	not available	380	980	not available	20231207	1	1	20231207_AST5_Evo5_ML_SA_40SPD_DIA_SCP_EB_1Cellc_63.raw	v1.1.0	NT=ms-proteomics;VV=v1.1.0	NT=human;VV=v1.1.0	NT=single-cell;VV=v1.0.0	NT=dia-acquisition;VV=v1.1.0	NT=embryoid body;AC=BTO:0001718
EB_SC_64	NT=Homo sapiens;AC=NCBITaxon:9606	not applicable	NT=embryoid body;AC=BTO:0001718	NT=normal;AC=PATO:0000461	not available	not available	hi12	single cell	cellenONE	EB_SC_64	1	63	run 78	proteomic profiling by mass spectrometry	NT=Orbitrap Astral;AC=MS:1003378	NT=label free sample;AC=MS:1002038	NT=Oxidation;AC=UNIMOD:35;TA=M;MT=Variable	NT=Acetyl;AC=UNIMOD:1;PP=Protein N-term;MT=Variable	NT=Trypsin;AC=MS:1001251	NT=Lys-C;AC=MS:1001309	NT=beam-type collision-induced dissociation;AC=MS:1000422	Data-independent acquisition	not available	380	980	not available	20231207	1	1	20231207_AST5_Evo5_ML_SA_40SPD_DIA_SCP_EB_1Cellc_64.raw	v1.1.0	NT=ms-proteomics;VV=v1.1.0	NT=human;VV=v1.1.0	NT=single-cell;VV=v1.0.0	NT=dia-acquisition;VV=v1.1.0	NT=embryoid body;AC=BTO:0001718
EB_SC_65	NT=Homo sapiens;AC=NCBITaxon:9606	not applicable	NT=embryoid body;AC=BTO:0001718	NT=normal;AC=PATO:0000461	not available	not available	hi12	single cell	cellenONE	EB_SC_65	1	64	run 79	proteomic profiling by mass spectrometry	NT=Orbitrap Astral;AC=MS:1003378	NT=label free sample;AC=MS:1002038	NT=Oxidation;AC=UNIMOD:35;TA=M;MT=Variable	NT=Acetyl;AC=UNIMOD:1;PP=Protein N-term;MT=Variable	NT=Trypsin;AC=MS:1001251	NT=Lys-C;AC=MS:1001309	NT=beam-type collision-induced dissociation;AC=MS:1000422	Data-independent acquisition	not available	380	980	not available	20231207	1	1	20231207_AST5_Evo5_ML_SA_40SPD_DIA_SCP_EB_1Cellc_65.raw	v1.1.0	NT=ms-proteomics;VV=v1.1.0	NT=human;VV=v1.1.0	NT=single-cell;VV=v1.0.0	NT=dia-acquisition;VV=v1.1.0	NT=embryoid body;AC=BTO:0001718
EB_SC_66	NT=Homo sapiens;AC=NCBITaxon:9606	not applicable	NT=embryoid body;AC=BTO:0001718	NT=normal;AC=PATO:0000461	not available	not available	hi12	single cell	cellenONE	EB_SC_66	1	65	run 80	proteomic profiling by mass spectrometry	NT=Orbitrap Astral;AC=MS:1003378	NT=label free sample;AC=MS:1002038	NT=Oxidation;AC=UNIMOD:35;TA=M;MT=Variable	NT=Acetyl;AC=UNIMOD:1;PP=Protein N-term;MT=Variable	NT=Trypsin;AC=MS:1001251	NT=Lys-C;AC=MS:1001309	NT=beam-type collision-induced dissociation;AC=MS:1000422	Data-independent acquisition	not available	380	980	not available	20231207	1	1	20231207_AST5_Evo5_ML_SA_40SPD_DIA_SCP_EB_1Cellc_66.raw	v1.1.0	NT=ms-proteomics;VV=v1.1.0	NT=human;VV=v1.1.0	NT=single-cell;VV=v1.0.0	NT=dia-acquisition;VV=v1.1.0	NT=embryoid body;AC=BTO:0001718
EB_SC_67	NT=Homo sapiens;AC=NCBITaxon:9606	not applicable	NT=embryoid body;AC=BTO:0001718	NT=normal;AC=PATO:0000461	not available	not available	hi12	single cell	cellenONE	EB_SC_67	1	66	run 81	proteomic profiling by mass spectrometry	NT=Orbitrap Astral;AC=MS:1003378	NT=label free sample;AC=MS:1002038	NT=Oxidation;AC=UNIMOD:35;TA=M;MT=Variable	NT=Acetyl;AC=UNIMOD:1;PP=Protein N-term;MT=Variable	NT=Trypsin;AC=MS:1001251	NT=Lys-C;AC=MS:1001309	NT=beam-type collision-induced dissociation;AC=MS:1000422	Data-independent acquisition	not available	380	980	not available	20231207	1	1	20231207_AST5_Evo5_ML_SA_40SPD_DIA_SCP_EB_1Cellc_67.raw	v1.1.0	NT=ms-proteomics;VV=v1.1.0	NT=human;VV=v1.1.0	NT=single-cell;VV=v1.0.0	NT=dia-acquisition;VV=v1.1.0	NT=embryoid body;AC=BTO:0001718
EB_SC_68	NT=Homo sapiens;AC=NCBITaxon:9606	not applicable	NT=embryoid body;AC=BTO:0001718	NT=normal;AC=PATO:0000461	not available	not available	hi12	single cell	cellenONE	EB_SC_68	1	67	run 82	proteomic profiling by mass spectrometry	NT=Orbitrap Astral;AC=MS:1003378	NT=label free sample;AC=MS:1002038	NT=Oxidation;AC=UNIMOD:35;TA=M;MT=Variable	NT=Acetyl;AC=UNIMOD:1;PP=Protein N-term;MT=Variable	NT=Trypsin;AC=MS:1001251	NT=Lys-C;AC=MS:1001309	NT=beam-type collision-induced dissociation;AC=MS:1000422	Data-independent acquisition	not available	380	980	not available	20231207	1	1	20231207_AST5_Evo5_ML_SA_40SPD_DIA_SCP_EB_1Cellc_68.raw	v1.1.0	NT=ms-proteomics;VV=v1.1.0	NT=human;VV=v1.1.0	NT=single-cell;VV=v1.0.0	NT=dia-acquisition;VV=v1.1.0	NT=embryoid body;AC=BTO:0001718
EB_SC_69	NT=Homo sapiens;AC=NCBITaxon:9606	not applicable	NT=embryoid body;AC=BTO:0001718	NT=normal;AC=PATO:0000461	not available	not available	hi12	single cell	cellenONE	EB_SC_69	1	68	run 83	proteomic profiling by mass spectrometry	NT=Orbitrap Astral;AC=MS:1003378	NT=label free sample;AC=MS:1002038	NT=Oxidation;AC=UNIMOD:35;TA=M;MT=Variable	NT=Acetyl;AC=UNIMOD:1;PP=Protein N-term;MT=Variable	NT=Trypsin;AC=MS:1001251	NT=Lys-C;AC=MS:1001309	NT=beam-type collision-induced dissociation;AC=MS:1000422	Data-independent acquisition	not available	380	980	not available	20231207	1	1	20231207_AST5_Evo5_ML_SA_40SPD_DIA_SCP_EB_1Cellc_69.raw	v1.1.0	NT=ms-proteomics;VV=v1.1.0	NT=human;VV=v1.1.0	NT=single-cell;VV=v1.0.0	NT=dia-acquisition;VV=v1.1.0	NT=embryoid body;AC=BTO:0001718
EB_SC_70	NT=Homo sapiens;AC=NCBITaxon:9606	not applicable	NT=embryoid body;AC=BTO:0001718	NT=normal;AC=PATO:0000461	not available	not available	hi12	single cell	cellenONE	EB_SC_70	1	69	run 84	proteomic profiling by mass spectrometry	NT=Orbitrap Astral;AC=MS:1003378	NT=label free sample;AC=MS:1002038	NT=Oxidation;AC=UNIMOD:35;TA=M;MT=Variable	NT=Acetyl;AC=UNIMOD:1;PP=Protein N-term;MT=Variable	NT=Trypsin;AC=MS:1001251	NT=Lys-C;AC=MS:1001309	NT=beam-type collision-induced dissociation;AC=MS:1000422	Data-independent acquisition	not available	380	980	not available	20231207	1	1	20231207_AST5_Evo5_ML_SA_40SPD_DIA_SCP_EB_1Cellc_70.raw	v1.1.0	NT=ms-proteomics;VV=v1.1.0	NT=human;VV=v1.1.0	NT=single-cell;VV=v1.0.0	NT=dia-acquisition;VV=v1.1.0	NT=embryoid body;AC=BTO:0001718
EB_SC_71	NT=Homo sapiens;AC=NCBITaxon:9606	not applicable	NT=embryoid body;AC=BTO:0001718	NT=normal;AC=PATO:0000461	not available	not available	hi12	single cell	cellenONE	EB_SC_71	1	70	run 85	proteomic profiling by mass spectrometry	NT=Orbitrap Astral;AC=MS:1003378	NT=label free sample;AC=MS:1002038	NT=Oxidation;AC=UNIMOD:35;TA=M;MT=Variable	NT=Acetyl;AC=UNIMOD:1;PP=Protein N-term;MT=Variable	NT=Trypsin;AC=MS:1001251	NT=Lys-C;AC=MS:1001309	NT=beam-type collision-induced dissociation;AC=MS:1000422	Data-independent acquisition	not available	380	980	not available	20231207	1	1	20231207_AST5_Evo5_ML_SA_40SPD_DIA_SCP_EB_1Cellc_71.raw	v1.1.0	NT=ms-proteomics;VV=v1.1.0	NT=human;VV=v1.1.0	NT=single-cell;VV=v1.0.0	NT=dia-acquisition;VV=v1.1.0	NT=embryoid body;AC=BTO:0001718
EB_SC_73	NT=Homo sapiens;AC=NCBITaxon:9606	not applicable	NT=embryoid body;AC=BTO:0001718	NT=normal;AC=PATO:0000461	not available	not available	hi12	single cell	cellenONE	EB_SC_73	1	71	run 86	proteomic profiling by mass spectrometry	NT=Orbitrap Astral;AC=MS:1003378	NT=label free sample;AC=MS:1002038	NT=Oxidation;AC=UNIMOD:35;TA=M;MT=Variable	NT=Acetyl;AC=UNIMOD:1;PP=Protein N-term;MT=Variable	NT=Trypsin;AC=MS:1001251	NT=Lys-C;AC=MS:1001309	NT=beam-type collision-induced dissociation;AC=MS:1000422	Data-independent acquisition	not available	380	980	not available	20231207	1	1	20231207_AST5_Evo5_ML_SA_40SPD_DIA_SCP_EB_1Cellc_73.raw	v1.1.0	NT=ms-proteomics;VV=v1.1.0	NT=human;VV=v1.1.0	NT=single-cell;VV=v1.0.0	NT=dia-acquisition;VV=v1.1.0	NT=embryoid body;AC=BTO:0001718
EB_SC_74	NT=Homo sapiens;AC=NCBITaxon:9606	not applicable	NT=embryoid body;AC=BTO:0001718	NT=normal;AC=PATO:0000461	not available	not available	hi12	single cell	cellenONE	EB_SC_74	1	72	run 87	proteomic profiling by mass spectrometry	NT=Orbitrap Astral;AC=MS:1003378	NT=label free sample;AC=MS:1002038	NT=Oxidation;AC=UNIMOD:35;TA=M;MT=Variable	NT=Acetyl;AC=UNIMOD:1;PP=Protein N-term;MT=Variable	NT=Trypsin;AC=MS:1001251	NT=Lys-C;AC=MS:1001309	NT=beam-type collision-induced dissociation;AC=MS:1000422	Data-independent acquisition	not available	380	980	not available	20231207	1	1	20231207_AST5_Evo5_ML_SA_40SPD_DIA_SCP_EB_1Cellc_74.raw	v1.1.0	NT=ms-proteomics;VV=v1.1.0	NT=human;VV=v1.1.0	NT=single-cell;VV=v1.0.0	NT=dia-acquisition;VV=v1.1.0	NT=embryoid body;AC=BTO:0001718
EB_SC_75	NT=Homo sapiens;AC=NCBITaxon:9606	not applicable	NT=embryoid body;AC=BTO:0001718	NT=normal;AC=PATO:0000461	not available	not available	hi12	single cell	cellenONE	EB_SC_75	1	73	run 88	proteomic profiling by mass spectrometry	NT=Orbitrap Astral;AC=MS:1003378	NT=label free sample;AC=MS:1002038	NT=Oxidation;AC=UNIMOD:35;TA=M;MT=Variable	NT=Acetyl;AC=UNIMOD:1;PP=Protein N-term;MT=Variable	NT=Trypsin;AC=MS:1001251	NT=Lys-C;AC=MS:1001309	NT=beam-type collision-induced dissociation;AC=MS:1000422	Data-independent acquisition	not available	380	980	not available	20231207	1	1	20231207_AST5_Evo5_ML_SA_40SPD_DIA_SCP_EB_1Cellc_75.raw	v1.1.0	NT=ms-proteomics;VV=v1.1.0	NT=human;VV=v1.1.0	NT=single-cell;VV=v1.0.0	NT=dia-acquisition;VV=v1.1.0	NT=embryoid body;AC=BTO:0001718
EB_SC_76	NT=Homo sapiens;AC=NCBITaxon:9606	not applicable	NT=embryoid body;AC=BTO:0001718	NT=normal;AC=PATO:0000461	not available	not available	hi12	single cell	cellenONE	EB_SC_76	1	74	run 89	proteomic profiling by mass spectrometry	NT=Orbitrap Astral;AC=MS:1003378	NT=label free sample;AC=MS:1002038	NT=Oxidation;AC=UNIMOD:35;TA=M;MT=Variable	NT=Acetyl;AC=UNIMOD:1;PP=Protein N-term;MT=Variable	NT=Trypsin;AC=MS:1001251	NT=Lys-C;AC=MS:1001309	NT=beam-type collision-induced dissociation;AC=MS:1000422	Data-independent acquisition	not available	380	980	not available	20231207	1	1	20231207_AST5_Evo5_ML_SA_40SPD_DIA_SCP_EB_1Cellc_76.raw	v1.1.0	NT=ms-proteomics;VV=v1.1.0	NT=human;VV=v1.1.0	NT=single-cell;VV=v1.0.0	NT=dia-acquisition;VV=v1.1.0	NT=embryoid body;AC=BTO:0001718
EB_SC_77	NT=Homo sapiens;AC=NCBITaxon:9606	not applicable	NT=embryoid body;AC=BTO:0001718	NT=normal;AC=PATO:0000461	not available	not available	hi12	single cell	cellenONE	EB_SC_77	1	75	run 90	proteomic profiling by mass spectrometry	NT=Orbitrap Astral;AC=MS:1003378	NT=label free sample;AC=MS:1002038	NT=Oxidation;AC=UNIMOD:35;TA=M;MT=Variable	NT=Acetyl;AC=UNIMOD:1;PP=Protein N-term;MT=Variable	NT=Trypsin;AC=MS:1001251	NT=Lys-C;AC=MS:1001309	NT=beam-type collision-induced dissociation;AC=MS:1000422	Data-independent acquisition	not available	380	980	not available	20231207	1	1	20231207_AST5_Evo5_ML_SA_40SPD_DIA_SCP_EB_1Cellc_77.raw	v1.1.0	NT=ms-proteomics;VV=v1.1.0	NT=human;VV=v1.1.0	NT=single-cell;VV=v1.0.0	NT=dia-acquisition;VV=v1.1.0	NT=embryoid body;AC=BTO:0001718
EB_SC_78	NT=Homo sapiens;AC=NCBITaxon:9606	not applicable	NT=embryoid body;AC=BTO:0001718	NT=normal;AC=PATO:0000461	not available	not available	hi12	single cell	cellenONE	EB_SC_78	1	76	run 91	proteomic profiling by mass spectrometry	NT=Orbitrap Astral;AC=MS:1003378	NT=label free sample;AC=MS:1002038	NT=Oxidation;AC=UNIMOD:35;TA=M;MT=Variable	NT=Acetyl;AC=UNIMOD:1;PP=Protein N-term;MT=Variable	NT=Trypsin;AC=MS:1001251	NT=Lys-C;AC=MS:1001309	NT=beam-type collision-induced dissociation;AC=MS:1000422	Data-independent acquisition	not available	380	980	not available	20231207	1	1	20231207_AST5_Evo5_ML_SA_40SPD_DIA_SCP_EB_1Cellc_78.raw	v1.1.0	NT=ms-proteomics;VV=v1.1.0	NT=human;VV=v1.1.0	NT=single-cell;VV=v1.0.0	NT=dia-acquisition;VV=v1.1.0	NT=embryoid body;AC=BTO:0001718
EB_SC_79	NT=Homo sapiens;AC=NCBITaxon:9606	not applicable	NT=embryoid body;AC=BTO:0001718	NT=normal;AC=PATO:0000461	not available	not available	hi12	single cell	cellenONE	EB_SC_79	1	77	run 92	proteomic profiling by mass spectrometry	NT=Orbitrap Astral;AC=MS:1003378	NT=label free sample;AC=MS:1002038	NT=Oxidation;AC=UNIMOD:35;TA=M;MT=Variable	NT=Acetyl;AC=UNIMOD:1;PP=Protein N-term;MT=Variable	NT=Trypsin;AC=MS:1001251	NT=Lys-C;AC=MS:1001309	NT=beam-type collision-induced dissociation;AC=MS:1000422	Data-independent acquisition	not available	380	980	not available	20231207	1	1	20231207_AST5_Evo5_ML_SA_40SPD_DIA_SCP_EB_1Cellc_79.raw	v1.1.0	NT=ms-proteomics;VV=v1.1.0	NT=human;VV=v1.1.0	NT=single-cell;VV=v1.0.0	NT=dia-acquisition;VV=v1.1.0	NT=embryoid body;AC=BTO:0001718
EB_SC_80	NT=Homo sapiens;AC=NCBITaxon:9606	not applicable	NT=embryoid body;AC=BTO:0001718	NT=normal;AC=PATO:0000461	not available	not available	hi12	single cell	cellenONE	EB_SC_80	1	78	run 93	proteomic profiling by mass spectrometry	NT=Orbitrap Astral;AC=MS:1003378	NT=label free sample;AC=MS:1002038	NT=Oxidation;AC=UNIMOD:35;TA=M;MT=Variable	NT=Acetyl;AC=UNIMOD:1;PP=Protein N-term;MT=Variable	NT=Trypsin;AC=MS:1001251	NT=Lys-C;AC=MS:1001309	NT=beam-type collision-induced dissociation;AC=MS:1000422	Data-independent acquisition	not available	380	980	not available	20231207	1	1	20231207_AST5_Evo5_ML_SA_40SPD_DIA_SCP_EB_1Cellc_80.raw	v1.1.0	NT=ms-proteomics;VV=v1.1.0	NT=human;VV=v1.1.0	NT=single-cell;VV=v1.0.0	NT=dia-acquisition;VV=v1.1.0	NT=embryoid body;AC=BTO:0001718
EB_SC_81	NT=Homo sapiens;AC=NCBITaxon:9606	not applicable	NT=embryoid body;AC=BTO:0001718	NT=normal;AC=PATO:0000461	not available	not available	hi12	single cell	cellenONE	EB_SC_81	1	79	run 94	proteomic profiling by mass spectrometry	NT=Orbitrap Astral;AC=MS:1003378	NT=label free sample;AC=MS:1002038	NT=Oxidation;AC=UNIMOD:35;TA=M;MT=Variable	NT=Acetyl;AC=UNIMOD:1;PP=Protein N-term;MT=Variable	NT=Trypsin;AC=MS:1001251	NT=Lys-C;AC=MS:1001309	NT=beam-type collision-induced dissociation;AC=MS:1000422	Data-independent acquisition	not available	380	980	not available	20231207	1	1	20231207_AST5_Evo5_ML_SA_40SPD_DIA_SCP_EB_1Cellc_81.raw	v1.1.0	NT=ms-proteomics;VV=v1.1.0	NT=human;VV=v1.1.0	NT=single-cell;VV=v1.0.0	NT=dia-acquisition;VV=v1.1.0	NT=embryoid body;AC=BTO:0001718
EB_SC_82	NT=Homo sapiens;AC=NCBITaxon:9606	not applicable	NT=embryoid body;AC=BTO:0001718	NT=normal;AC=PATO:0000461	not available	not available	hi12	single cell	cellenONE	EB_SC_82	1	80	run 95	proteomic profiling by mass spectrometry	NT=Orbitrap Astral;AC=MS:1003378	NT=label free sample;AC=MS:1002038	NT=Oxidation;AC=UNIMOD:35;TA=M;MT=Variable	NT=Acetyl;AC=UNIMOD:1;PP=Protein N-term;MT=Variable	NT=Trypsin;AC=MS:1001251	NT=Lys-C;AC=MS:1001309	NT=beam-type collision-induced dissociation;AC=MS:1000422	Data-independent acquisition	not available	380	980	not available	20231207	1	1	20231207_AST5_Evo5_ML_SA_40SPD_DIA_SCP_EB_1Cellc_82.raw	v1.1.0	NT=ms-proteomics;VV=v1.1.0	NT=human;VV=v1.1.0	NT=single-cell;VV=v1.0.0	NT=dia-acquisition;VV=v1.1.0	NT=embryoid body;AC=BTO:0001718
EB_SC_83	NT=Homo sapiens;AC=NCBITaxon:9606	not applicable	NT=embryoid body;AC=BTO:0001718	NT=normal;AC=PATO:0000461	not available	not available	hi12	single cell	cellenONE	EB_SC_83	1	81	run 96	proteomic profiling by mass spectrometry	NT=Orbitrap Astral;AC=MS:1003378	NT=label free sample;AC=MS:1002038	NT=Oxidation;AC=UNIMOD:35;TA=M;MT=Variable	NT=Acetyl;AC=UNIMOD:1;PP=Protein N-term;MT=Variable	NT=Trypsin;AC=MS:1001251	NT=Lys-C;AC=MS:1001309	NT=beam-type collision-induced dissociation;AC=MS:1000422	Data-independent acquisition	not available	380	980	not available	20231207	1	1	20231207_AST5_Evo5_ML_SA_40SPD_DIA_SCP_EB_1Cellc_83.raw	v1.1.0	NT=ms-proteomics;VV=v1.1.0	NT=human;VV=v1.1.0	NT=single-cell;VV=v1.0.0	NT=dia-acquisition;VV=v1.1.0	NT=embryoid body;AC=BTO:0001718
EB_SC_85	NT=Homo sapiens;AC=NCBITaxon:9606	not applicable	NT=embryoid body;AC=BTO:0001718	NT=normal;AC=PATO:0000461	not available	not available	hi12	single cell	cellenONE	EB_SC_85	1	82	run 97	proteomic profiling by mass spectrometry	NT=Orbitrap Astral;AC=MS:1003378	NT=label free sample;AC=MS:1002038	NT=Oxidation;AC=UNIMOD:35;TA=M;MT=Variable	NT=Acetyl;AC=UNIMOD:1;PP=Protein N-term;MT=Variable	NT=Trypsin;AC=MS:1001251	NT=Lys-C;AC=MS:1001309	NT=beam-type collision-induced dissociation;AC=MS:1000422	Data-independent acquisition	not available	380	980	not available	20231207	1	1	20231207_AST5_Evo5_ML_SA_40SPD_DIA_SCP_EB_1Cellc_85.raw	v1.1.0	NT=ms-proteomics;VV=v1.1.0	NT=human;VV=v1.1.0	NT=single-cell;VV=v1.0.0	NT=dia-acquisition;VV=v1.1.0	NT=embryoid body;AC=BTO:0001718
EB_SC_86	NT=Homo sapiens;AC=NCBITaxon:9606	not applicable	NT=embryoid body;AC=BTO:0001718	NT=normal;AC=PATO:0000461	not available	not available	hi12	single cell	cellenONE	EB_SC_86	1	83	run 98	proteomic profiling by mass spectrometry	NT=Orbitrap Astral;AC=MS:1003378	NT=label free sample;AC=MS:1002038	NT=Oxidation;AC=UNIMOD:35;TA=M;MT=Variable	NT=Acetyl;AC=UNIMOD:1;PP=Protein N-term;MT=Variable	NT=Trypsin;AC=MS:1001251	NT=Lys-C;AC=MS:1001309	NT=beam-type collision-induced dissociation;AC=MS:1000422	Data-independent acquisition	not available	380	980	not available	20231207	1	1	20231207_AST5_Evo5_ML_SA_40SPD_DIA_SCP_EB_1Cellc_86.raw	v1.1.0	NT=ms-proteomics;VV=v1.1.0	NT=human;VV=v1.1.0	NT=single-cell;VV=v1.0.0	NT=dia-acquisition;VV=v1.1.0	NT=embryoid body;AC=BTO:0001718
EB_SC_87	NT=Homo sapiens;AC=NCBITaxon:9606	not applicable	NT=embryoid body;AC=BTO:0001718	NT=normal;AC=PATO:0000461	not available	not available	hi12	single cell	cellenONE	EB_SC_87	1	84	run 99	proteomic profiling by mass spectrometry	NT=Orbitrap Astral;AC=MS:1003378	NT=label free sample;AC=MS:1002038	NT=Oxidation;AC=UNIMOD:35;TA=M;MT=Variable	NT=Acetyl;AC=UNIMOD:1;PP=Protein N-term;MT=Variable	NT=Trypsin;AC=MS:1001251	NT=Lys-C;AC=MS:1001309	NT=beam-type collision-induced dissociation;AC=MS:1000422	Data-independent acquisition	not available	380	980	not available	20231207	1	1	20231207_AST5_Evo5_ML_SA_40SPD_DIA_SCP_EB_1Cellc_87.raw	v1.1.0	NT=ms-proteomics;VV=v1.1.0	NT=human;VV=v1.1.0	NT=single-cell;VV=v1.0.0	NT=dia-acquisition;VV=v1.1.0	NT=embryoid body;AC=BTO:0001718
EB_SC_88	NT=Homo sapiens;AC=NCBITaxon:9606	not applicable	NT=embryoid body;AC=BTO:0001718	NT=normal;AC=PATO:0000461	not available	not available	hi12	single cell	cellenONE	EB_SC_88	1	85	run 100	proteomic profiling by mass spectrometry	NT=Orbitrap Astral;AC=MS:1003378	NT=label free sample;AC=MS:1002038	NT=Oxidation;AC=UNIMOD:35;TA=M;MT=Variable	NT=Acetyl;AC=UNIMOD:1;PP=Protein N-term;MT=Variable	NT=Trypsin;AC=MS:1001251	NT=Lys-C;AC=MS:1001309	NT=beam-type collision-induced dissociation;AC=MS:1000422	Data-independent acquisition	not available	380	980	not available	20231207	1	1	20231207_AST5_Evo5_ML_SA_40SPD_DIA_SCP_EB_1Cellc_88.raw	v1.1.0	NT=ms-proteomics;VV=v1.1.0	NT=human;VV=v1.1.0	NT=single-cell;VV=v1.0.0	NT=dia-acquisition;VV=v1.1.0	NT=embryoid body;AC=BTO:0001718
EB_SC_89	NT=Homo sapiens;AC=NCBITaxon:9606	not applicable	NT=embryoid body;AC=BTO:0001718	NT=normal;AC=PATO:0000461	not available	not available	hi12	single cell	cellenONE	EB_SC_89	1	86	run 101	proteomic profiling by mass spectrometry	NT=Orbitrap Astral;AC=MS:1003378	NT=label free sample;AC=MS:1002038	NT=Oxidation;AC=UNIMOD:35;TA=M;MT=Variable	NT=Acetyl;AC=UNIMOD:1;PP=Protein N-term;MT=Variable	NT=Trypsin;AC=MS:1001251	NT=Lys-C;AC=MS:1001309	NT=beam-type collision-induced dissociation;AC=MS:1000422	Data-independent acquisition	not available	380	980	not available	20231207	1	1	20231207_AST5_Evo5_ML_SA_40SPD_DIA_SCP_EB_1Cellc_89.raw	v1.1.0	NT=ms-proteomics;VV=v1.1.0	NT=human;VV=v1.1.0	NT=single-cell;VV=v1.0.0	NT=dia-acquisition;VV=v1.1.0	NT=embryoid body;AC=BTO:0001718
EB_SC_90	NT=Homo sapiens;AC=NCBITaxon:9606	not applicable	NT=embryoid body;AC=BTO:0001718	NT=normal;AC=PATO:0000461	not available	not available	hi12	single cell	cellenONE	EB_SC_90	1	87	run 102	proteomic profiling by mass spectrometry	NT=Orbitrap Astral;AC=MS:1003378	NT=label free sample;AC=MS:1002038	NT=Oxidation;AC=UNIMOD:35;TA=M;MT=Variable	NT=Acetyl;AC=UNIMOD:1;PP=Protein N-term;MT=Variable	NT=Trypsin;AC=MS:1001251	NT=Lys-C;AC=MS:1001309	NT=beam-type collision-induced dissociation;AC=MS:1000422	Data-independent acquisition	not available	380	980	not available	20231207	1	1	20231207_AST5_Evo5_ML_SA_40SPD_DIA_SCP_EB_1Cellc_90.raw	v1.1.0	NT=ms-proteomics;VV=v1.1.0	NT=human;VV=v1.1.0	NT=single-cell;VV=v1.0.0	NT=dia-acquisition;VV=v1.1.0	NT=embryoid body;AC=BTO:0001718
EB_SC_91	NT=Homo sapiens;AC=NCBITaxon:9606	not applicable	NT=embryoid body;AC=BTO:0001718	NT=normal;AC=PATO:0000461	not available	not available	hi12	single cell	cellenONE	EB_SC_91	1	88	run 103	proteomic profiling by mass spectrometry	NT=Orbitrap Astral;AC=MS:1003378	NT=label free sample;AC=MS:1002038	NT=Oxidation;AC=UNIMOD:35;TA=M;MT=Variable	NT=Acetyl;AC=UNIMOD:1;PP=Protein N-term;MT=Variable	NT=Trypsin;AC=MS:1001251	NT=Lys-C;AC=MS:1001309	NT=beam-type collision-induced dissociation;AC=MS:1000422	Data-independent acquisition	not available	380	980	not available	20231207	1	1	20231207_AST5_Evo5_ML_SA_40SPD_DIA_SCP_EB_1Cellc_91.raw	v1.1.0	NT=ms-proteomics;VV=v1.1.0	NT=human;VV=v1.1.0	NT=single-cell;VV=v1.0.0	NT=dia-acquisition;VV=v1.1.0	NT=embryoid body;AC=BTO:0001718
EB_SC_92	NT=Homo sapiens;AC=NCBITaxon:9606	not applicable	NT=embryoid body;AC=BTO:0001718	NT=normal;AC=PATO:0000461	not available	not available	hi12	single cell	cellenONE	EB_SC_92	1	89	run 104	proteomic profiling by mass spectrometry	NT=Orbitrap Astral;AC=MS:1003378	NT=label free sample;AC=MS:1002038	NT=Oxidation;AC=UNIMOD:35;TA=M;MT=Variable	NT=Acetyl;AC=UNIMOD:1;PP=Protein N-term;MT=Variable	NT=Trypsin;AC=MS:1001251	NT=Lys-C;AC=MS:1001309	NT=beam-type collision-induced dissociation;AC=MS:1000422	Data-independent acquisition	not available	380	980	not available	20231207	1	1	20231207_AST5_Evo5_ML_SA_40SPD_DIA_SCP_EB_1Cellc_92.raw	v1.1.0	NT=ms-proteomics;VV=v1.1.0	NT=human;VV=v1.1.0	NT=single-cell;VV=v1.0.0	NT=dia-acquisition;VV=v1.1.0	NT=embryoid body;AC=BTO:0001718
EB_SC_93	NT=Homo sapiens;AC=NCBITaxon:9606	not applicable	NT=embryoid body;AC=BTO:0001718	NT=normal;AC=PATO:0000461	not available	not available	hi12	single cell	cellenONE	EB_SC_93	1	90	run 105	proteomic profiling by mass spectrometry	NT=Orbitrap Astral;AC=MS:1003378	NT=label free sample;AC=MS:1002038	NT=Oxidation;AC=UNIMOD:35;TA=M;MT=Variable	NT=Acetyl;AC=UNIMOD:1;PP=Protein N-term;MT=Variable	NT=Trypsin;AC=MS:1001251	NT=Lys-C;AC=MS:1001309	NT=beam-type collision-induced dissociation;AC=MS:1000422	Data-independent acquisition	not available	380	980	not available	20231207	1	1	20231207_AST5_Evo5_ML_SA_40SPD_DIA_SCP_EB_1Cellc_93.raw	v1.1.0	NT=ms-proteomics;VV=v1.1.0	NT=human;VV=v1.1.0	NT=single-cell;VV=v1.0.0	NT=dia-acquisition;VV=v1.1.0	NT=embryoid body;AC=BTO:0001718
EB_SC_94	NT=Homo sapiens;AC=NCBITaxon:9606	not applicable	NT=embryoid body;AC=BTO:0001718	NT=normal;AC=PATO:0000461	not available	not available	hi12	single cell	cellenONE	EB_SC_94	1	91	run 106	proteomic profiling by mass spectrometry	NT=Orbitrap Astral;AC=MS:1003378	NT=label free sample;AC=MS:1002038	NT=Oxidation;AC=UNIMOD:35;TA=M;MT=Variable	NT=Acetyl;AC=UNIMOD:1;PP=Protein N-term;MT=Variable	NT=Trypsin;AC=MS:1001251	NT=Lys-C;AC=MS:1001309	NT=beam-type collision-induced dissociation;AC=MS:1000422	Data-independent acquisition	not available	380	980	not available	20231207	1	1	20231207_AST5_Evo5_ML_SA_40SPD_DIA_SCP_EB_1Cellc_94.raw	v1.1.0	NT=ms-proteomics;VV=v1.1.0	NT=human;VV=v1.1.0	NT=single-cell;VV=v1.0.0	NT=dia-acquisition;VV=v1.1.0	NT=embryoid body;AC=BTO:0001718
EB_SC_95	NT=Homo sapiens;AC=NCBITaxon:9606	not applicable	NT=embryoid body;AC=BTO:0001718	NT=normal;AC=PATO:0000461	not available	not available	hi12	single cell	cellenONE	EB_SC_95	1	92	run 107	proteomic profiling by mass spectrometry	NT=Orbitrap Astral;AC=MS:1003378	NT=label free sample;AC=MS:1002038	NT=Oxidation;AC=UNIMOD:35;TA=M;MT=Variable	NT=Acetyl;AC=UNIMOD:1;PP=Protein N-term;MT=Variable	NT=Trypsin;AC=MS:1001251	NT=Lys-C;AC=MS:1001309	NT=beam-type collision-induced dissociation;AC=MS:1000422	Data-independent acquisition	not available	380	980	not available	20231207	1	1	20231207_AST5_Evo5_ML_SA_40SPD_DIA_SCP_EB_1Cellc_95.raw	v1.1.0	NT=ms-proteomics;VV=v1.1.0	NT=human;VV=v1.1.0	NT=single-cell;VV=v1.0.0	NT=dia-acquisition;VV=v1.1.0	NT=embryoid body;AC=BTO:0001718
EB_20cellpool_1	NT=Homo sapiens;AC=NCBITaxon:9606	not applicable	NT=embryoid body;AC=BTO:0001718	NT=normal;AC=PATO:0000461	not available	not available	hi12	pooled	cellenONE	EB_20cellpool_1	20	1	run 108	proteomic profiling by mass spectrometry	NT=Orbitrap Astral;AC=MS:1003378	NT=label free sample;AC=MS:1002038	NT=Oxidation;AC=UNIMOD:35;TA=M;MT=Variable	NT=Acetyl;AC=UNIMOD:1;PP=Protein N-term;MT=Variable	NT=Trypsin;AC=MS:1001251	NT=Lys-C;AC=MS:1001309	NT=beam-type collision-induced dissociation;AC=MS:1000422	Data-independent acquisition	not available	380	980	not available	20231207	1	1	20231207_AST5_Evo5_ML_SA_40SPD_DIA_SCP_EB_20Cellc_1.raw	v1.1.0	NT=ms-proteomics;VV=v1.1.0	NT=human;VV=v1.1.0	NT=single-cell;VV=v1.0.0	NT=dia-acquisition;VV=v1.1.0	NT=embryoid body;AC=BTO:0001718
EB_20cellpool_2	NT=Homo sapiens;AC=NCBITaxon:9606	not applicable	NT=embryoid body;AC=BTO:0001718	NT=normal;AC=PATO:0000461	not available	not available	hi12	pooled	cellenONE	EB_20cellpool_2	20	2	run 109	proteomic profiling by mass spectrometry	NT=Orbitrap Astral;AC=MS:1003378	NT=label free sample;AC=MS:1002038	NT=Oxidation;AC=UNIMOD:35;TA=M;MT=Variable	NT=Acetyl;AC=UNIMOD:1;PP=Protein N-term;MT=Variable	NT=Trypsin;AC=MS:1001251	NT=Lys-C;AC=MS:1001309	NT=beam-type collision-induced dissociation;AC=MS:1000422	Data-independent acquisition	not available	380	980	not available	20231207	1	1	20231207_AST5_Evo5_ML_SA_40SPD_DIA_SCP_EB_20Cellc_2.raw	v1.1.0	NT=ms-proteomics;VV=v1.1.0	NT=human;VV=v1.1.0	NT=single-cell;VV=v1.0.0	NT=dia-acquisition;VV=v1.1.0	NT=embryoid body;AC=BTO:0001718
EB_20cellpool_3	NT=Homo sapiens;AC=NCBITaxon:9606	not applicable	NT=embryoid body;AC=BTO:0001718	NT=normal;AC=PATO:0000461	not available	not available	hi12	pooled	cellenONE	EB_20cellpool_3	20	3	run 110	proteomic profiling by mass spectrometry	NT=Orbitrap Astral;AC=MS:1003378	NT=label free sample;AC=MS:1002038	NT=Oxidation;AC=UNIMOD:35;TA=M;MT=Variable	NT=Acetyl;AC=UNIMOD:1;PP=Protein N-term;MT=Variable	NT=Trypsin;AC=MS:1001251	NT=Lys-C;AC=MS:1001309	NT=beam-type collision-induced dissociation;AC=MS:1000422	Data-independent acquisition	not available	380	980	not available	20231207	1	1	20231207_AST5_Evo5_ML_SA_40SPD_DIA_SCP_EB_20Cellc_3.raw	v1.1.0	NT=ms-proteomics;VV=v1.1.0	NT=human;VV=v1.1.0	NT=single-cell;VV=v1.0.0	NT=dia-acquisition;VV=v1.1.0	NT=embryoid body;AC=BTO:0001718
EB_20cellpool_4	NT=Homo sapiens;AC=NCBITaxon:9606	not applicable	NT=embryoid body;AC=BTO:0001718	NT=normal;AC=PATO:0000461	not available	not available	hi12	pooled	cellenONE	EB_20cellpool_4	20	4	run 111	proteomic profiling by mass spectrometry	NT=Orbitrap Astral;AC=MS:1003378	NT=label free sample;AC=MS:1002038	NT=Oxidation;AC=UNIMOD:35;TA=M;MT=Variable	NT=Acetyl;AC=UNIMOD:1;PP=Protein N-term;MT=Variable	NT=Trypsin;AC=MS:1001251	NT=Lys-C;AC=MS:1001309	NT=beam-type collision-induced dissociation;AC=MS:1000422	Data-independent acquisition	not available	380	980	not available	20231207	1	1	20231207_AST5_Evo5_ML_SA_40SPD_DIA_SCP_EB_20Cellc_4.raw	v1.1.0	NT=ms-proteomics;VV=v1.1.0	NT=human;VV=v1.1.0	NT=single-cell;VV=v1.0.0	NT=dia-acquisition;VV=v1.1.0	NT=embryoid body;AC=BTO:0001718
