source name	characteristics[organism]	characteristics[strain/breed]	characteristics[genotype]	characteristics[organism part]	characteristics[cell type]	characteristics[disease]	characteristics[temperature]	characteristics[biological replicate]	assay name	technology type	comment[label]	comment[instrument]	comment[cleavage agent details]	comment[modification parameters]	comment[modification parameters]	comment[modification parameters]	comment[modification parameters]	comment[proteomics data acquisition method]	comment[dissociation method]	comment[collision energy]	comment[precursor mass tolerance]	comment[fragment mass tolerance]	comment[reduction reagent]	comment[alkylation reagent]	comment[fractionation method]	comment[fraction identifier]	comment[technical replicate]	comment[number of missed cleavages]	comment[tool metadata]	comment[data file]	comment[sdrf version]	comment[sdrf template]
HFX4_FFRA20H101796-1A.raw-TMT127N	Escherichia coli	Escherichia coli str. K-12 substr. W3110	wild type	not applicable	not applicable	not applicable	37°C	1	run 1	proteomic profiling by mass spectrometry	TMT127N	NT=Q Exactive HF-X;AC=MS:1002877	NT=Trypsin;AC=MS:1001251;CS=(?<=[KR])(?!P)	NT=Carbamidomethyl;AC=UNIMOD:4;CF=H(3) C(2) N O;MM=57.021464;MT=Fixed;PP=Anywhere;TA=C	NT=Oxidation;AC=UNIMOD:35;MM=15.994915;MT=Variable;PP=Anywhere;TA=M	NT=TMT6plex;AC=UNIMOD:737;MT=Variable;PP=Anywhere;TA=K	NT=Acetyl;AC=UNIMOD:1;MT=Variable;PP=Protein N-term	NT=Data-dependent acquisition;AC=PRIDE:0000627	NT=HCD;AC=MS:1002481	32% NCE	10 ppm	0.02 Da	DTT	IAA	high-pH reversed-phase fractionation	1	1	2	sdrf-skills annotate v(this run)	HFX4_FFRA20H101796-1A.raw	v1.1.0	NT=ms-proteomics;VV=v1.1.0
HFX4_FFRA20H101796-1A.raw-TMT127C	Escherichia coli	Escherichia coli str. K-12 substr. W3110	wild type	not applicable	not applicable	not applicable	37°C	2	run 2	proteomic profiling by mass spectrometry	TMT127C	NT=Q Exactive HF-X;AC=MS:1002877	NT=Trypsin;AC=MS:1001251;CS=(?<=[KR])(?!P)	NT=Carbamidomethyl;AC=UNIMOD:4;CF=H(3) C(2) N O;MM=57.021464;MT=Fixed;PP=Anywhere;TA=C	NT=Oxidation;AC=UNIMOD:35;MM=15.994915;MT=Variable;PP=Anywhere;TA=M	NT=TMT6plex;AC=UNIMOD:737;MT=Variable;PP=Anywhere;TA=K	NT=Acetyl;AC=UNIMOD:1;MT=Variable;PP=Protein N-term	NT=Data-dependent acquisition;AC=PRIDE:0000627	NT=HCD;AC=MS:1002481	32% NCE	10 ppm	0.02 Da	DTT	IAA	high-pH reversed-phase fractionation	1	1	2	sdrf-skills annotate v(this run)	HFX4_FFRA20H101796-1A.raw	v1.1.0	NT=ms-proteomics;VV=v1.1.0
HFX4_FFRA20H101796-1A.raw-TMT128N	Escherichia coli	Escherichia coli str. K-12 substr. W3110	wild type	not applicable	not applicable	not applicable	37°C	3	run 3	proteomic profiling by mass spectrometry	TMT128N	NT=Q Exactive HF-X;AC=MS:1002877	NT=Trypsin;AC=MS:1001251;CS=(?<=[KR])(?!P)	NT=Carbamidomethyl;AC=UNIMOD:4;CF=H(3) C(2) N O;MM=57.021464;MT=Fixed;PP=Anywhere;TA=C	NT=Oxidation;AC=UNIMOD:35;MM=15.994915;MT=Variable;PP=Anywhere;TA=M	NT=TMT6plex;AC=UNIMOD:737;MT=Variable;PP=Anywhere;TA=K	NT=Acetyl;AC=UNIMOD:1;MT=Variable;PP=Protein N-term	NT=Data-dependent acquisition;AC=PRIDE:0000627	NT=HCD;AC=MS:1002481	32% NCE	10 ppm	0.02 Da	DTT	IAA	high-pH reversed-phase fractionation	1	1	2	sdrf-skills annotate v(this run)	HFX4_FFRA20H101796-1A.raw	v1.1.0	NT=ms-proteomics;VV=v1.1.0
HFX4_FFRA20H101796-1A.raw-TMT128C	Escherichia coli	Escherichia coli str. K-12 substr. W3110 delta-glyA	glyA deletion mutant	not applicable	not applicable	not applicable	37°C	1	run 4	proteomic profiling by mass spectrometry	TMT128C	NT=Q Exactive HF-X;AC=MS:1002877	NT=Trypsin;AC=MS:1001251;CS=(?<=[KR])(?!P)	NT=Carbamidomethyl;AC=UNIMOD:4;CF=H(3) C(2) N O;MM=57.021464;MT=Fixed;PP=Anywhere;TA=C	NT=Oxidation;AC=UNIMOD:35;MM=15.994915;MT=Variable;PP=Anywhere;TA=M	NT=TMT6plex;AC=UNIMOD:737;MT=Variable;PP=Anywhere;TA=K	NT=Acetyl;AC=UNIMOD:1;MT=Variable;PP=Protein N-term	NT=Data-dependent acquisition;AC=PRIDE:0000627	NT=HCD;AC=MS:1002481	32% NCE	10 ppm	0.02 Da	DTT	IAA	high-pH reversed-phase fractionation	1	1	2	sdrf-skills annotate v(this run)	HFX4_FFRA20H101796-1A.raw	v1.1.0	NT=ms-proteomics;VV=v1.1.0
HFX4_FFRA20H101796-1A.raw-TMT129N	Escherichia coli	Escherichia coli str. K-12 substr. W3110 delta-glyA	glyA deletion mutant	not applicable	not applicable	not applicable	37°C	2	run 5	proteomic profiling by mass spectrometry	TMT129N	NT=Q Exactive HF-X;AC=MS:1002877	NT=Trypsin;AC=MS:1001251;CS=(?<=[KR])(?!P)	NT=Carbamidomethyl;AC=UNIMOD:4;CF=H(3) C(2) N O;MM=57.021464;MT=Fixed;PP=Anywhere;TA=C	NT=Oxidation;AC=UNIMOD:35;MM=15.994915;MT=Variable;PP=Anywhere;TA=M	NT=TMT6plex;AC=UNIMOD:737;MT=Variable;PP=Anywhere;TA=K	NT=Acetyl;AC=UNIMOD:1;MT=Variable;PP=Protein N-term	NT=Data-dependent acquisition;AC=PRIDE:0000627	NT=HCD;AC=MS:1002481	32% NCE	10 ppm	0.02 Da	DTT	IAA	high-pH reversed-phase fractionation	1	1	2	sdrf-skills annotate v(this run)	HFX4_FFRA20H101796-1A.raw	v1.1.0	NT=ms-proteomics;VV=v1.1.0
HFX4_FFRA20H101796-1A.raw-TMT129C	Escherichia coli	Escherichia coli str. K-12 substr. W3110 delta-glyA	glyA deletion mutant	not applicable	not applicable	not applicable	37°C	3	run 6	proteomic profiling by mass spectrometry	TMT129C	NT=Q Exactive HF-X;AC=MS:1002877	NT=Trypsin;AC=MS:1001251;CS=(?<=[KR])(?!P)	NT=Carbamidomethyl;AC=UNIMOD:4;CF=H(3) C(2) N O;MM=57.021464;MT=Fixed;PP=Anywhere;TA=C	NT=Oxidation;AC=UNIMOD:35;MM=15.994915;MT=Variable;PP=Anywhere;TA=M	NT=TMT6plex;AC=UNIMOD:737;MT=Variable;PP=Anywhere;TA=K	NT=Acetyl;AC=UNIMOD:1;MT=Variable;PP=Protein N-term	NT=Data-dependent acquisition;AC=PRIDE:0000627	NT=HCD;AC=MS:1002481	32% NCE	10 ppm	0.02 Da	DTT	IAA	high-pH reversed-phase fractionation	1	1	2	sdrf-skills annotate v(this run)	HFX4_FFRA20H101796-1A.raw	v1.1.0	NT=ms-proteomics;VV=v1.1.0
HFX4_FFRA20H101796-1A.raw-TMT130N	Escherichia coli	Escherichia coli str. K-12 substr. W3110 N-15	yrdC reverse mutant	not applicable	not applicable	not applicable	37°C	1	run 7	proteomic profiling by mass spectrometry	TMT130N	NT=Q Exactive HF-X;AC=MS:1002877	NT=Trypsin;AC=MS:1001251;CS=(?<=[KR])(?!P)	NT=Carbamidomethyl;AC=UNIMOD:4;CF=H(3) C(2) N O;MM=57.021464;MT=Fixed;PP=Anywhere;TA=C	NT=Oxidation;AC=UNIMOD:35;MM=15.994915;MT=Variable;PP=Anywhere;TA=M	NT=TMT6plex;AC=UNIMOD:737;MT=Variable;PP=Anywhere;TA=K	NT=Acetyl;AC=UNIMOD:1;MT=Variable;PP=Protein N-term	NT=Data-dependent acquisition;AC=PRIDE:0000627	NT=HCD;AC=MS:1002481	32% NCE	10 ppm	0.02 Da	DTT	IAA	high-pH reversed-phase fractionation	1	1	2	sdrf-skills annotate v(this run)	HFX4_FFRA20H101796-1A.raw	v1.1.0	NT=ms-proteomics;VV=v1.1.0
HFX4_FFRA20H101796-1A.raw-TMT130C	Escherichia coli	Escherichia coli str. K-12 substr. W3110 N-15	yrdC reverse mutant	not applicable	not applicable	not applicable	37°C	2	run 8	proteomic profiling by mass spectrometry	TMT130C	NT=Q Exactive HF-X;AC=MS:1002877	NT=Trypsin;AC=MS:1001251;CS=(?<=[KR])(?!P)	NT=Carbamidomethyl;AC=UNIMOD:4;CF=H(3) C(2) N O;MM=57.021464;MT=Fixed;PP=Anywhere;TA=C	NT=Oxidation;AC=UNIMOD:35;MM=15.994915;MT=Variable;PP=Anywhere;TA=M	NT=TMT6plex;AC=UNIMOD:737;MT=Variable;PP=Anywhere;TA=K	NT=Acetyl;AC=UNIMOD:1;MT=Variable;PP=Protein N-term	NT=Data-dependent acquisition;AC=PRIDE:0000627	NT=HCD;AC=MS:1002481	32% NCE	10 ppm	0.02 Da	DTT	IAA	high-pH reversed-phase fractionation	1	1	2	sdrf-skills annotate v(this run)	HFX4_FFRA20H101796-1A.raw	v1.1.0	NT=ms-proteomics;VV=v1.1.0
HFX4_FFRA20H101796-1A.raw-TMT131	Escherichia coli	Escherichia coli str. K-12 substr. W3110 N-15	yrdC reverse mutant	not applicable	not applicable	not applicable	37°C	3	run 9	proteomic profiling by mass spectrometry	TMT131	NT=Q Exactive HF-X;AC=MS:1002877	NT=Trypsin;AC=MS:1001251;CS=(?<=[KR])(?!P)	NT=Carbamidomethyl;AC=UNIMOD:4;CF=H(3) C(2) N O;MM=57.021464;MT=Fixed;PP=Anywhere;TA=C	NT=Oxidation;AC=UNIMOD:35;MM=15.994915;MT=Variable;PP=Anywhere;TA=M	NT=TMT6plex;AC=UNIMOD:737;MT=Variable;PP=Anywhere;TA=K	NT=Acetyl;AC=UNIMOD:1;MT=Variable;PP=Protein N-term	NT=Data-dependent acquisition;AC=PRIDE:0000627	NT=HCD;AC=MS:1002481	32% NCE	10 ppm	0.02 Da	DTT	IAA	high-pH reversed-phase fractionation	1	1	2	sdrf-skills annotate v(this run)	HFX4_FFRA20H101796-1A.raw	v1.1.0	NT=ms-proteomics;VV=v1.1.0
HFX4_FFRA20H101797-1A.raw-TMT127N	Escherichia coli	Escherichia coli str. K-12 substr. W3110	wild type	not applicable	not applicable	not applicable	37°C	1	run 10	proteomic profiling by mass spectrometry	TMT127N	NT=Q Exactive HF-X;AC=MS:1002877	NT=Trypsin;AC=MS:1001251;CS=(?<=[KR])(?!P)	NT=Carbamidomethyl;AC=UNIMOD:4;CF=H(3) C(2) N O;MM=57.021464;MT=Fixed;PP=Anywhere;TA=C	NT=Oxidation;AC=UNIMOD:35;MM=15.994915;MT=Variable;PP=Anywhere;TA=M	NT=TMT6plex;AC=UNIMOD:737;MT=Variable;PP=Anywhere;TA=K	NT=Acetyl;AC=UNIMOD:1;MT=Variable;PP=Protein N-term	NT=Data-dependent acquisition;AC=PRIDE:0000627	NT=HCD;AC=MS:1002481	32% NCE	10 ppm	0.02 Da	DTT	IAA	high-pH reversed-phase fractionation	2	1	2	sdrf-skills annotate v(this run)	HFX4_FFRA20H101797-1A.raw	v1.1.0	NT=ms-proteomics;VV=v1.1.0
HFX4_FFRA20H101797-1A.raw-TMT127C	Escherichia coli	Escherichia coli str. K-12 substr. W3110	wild type	not applicable	not applicable	not applicable	37°C	2	run 11	proteomic profiling by mass spectrometry	TMT127C	NT=Q Exactive HF-X;AC=MS:1002877	NT=Trypsin;AC=MS:1001251;CS=(?<=[KR])(?!P)	NT=Carbamidomethyl;AC=UNIMOD:4;CF=H(3) C(2) N O;MM=57.021464;MT=Fixed;PP=Anywhere;TA=C	NT=Oxidation;AC=UNIMOD:35;MM=15.994915;MT=Variable;PP=Anywhere;TA=M	NT=TMT6plex;AC=UNIMOD:737;MT=Variable;PP=Anywhere;TA=K	NT=Acetyl;AC=UNIMOD:1;MT=Variable;PP=Protein N-term	NT=Data-dependent acquisition;AC=PRIDE:0000627	NT=HCD;AC=MS:1002481	32% NCE	10 ppm	0.02 Da	DTT	IAA	high-pH reversed-phase fractionation	2	1	2	sdrf-skills annotate v(this run)	HFX4_FFRA20H101797-1A.raw	v1.1.0	NT=ms-proteomics;VV=v1.1.0
HFX4_FFRA20H101797-1A.raw-TMT128N	Escherichia coli	Escherichia coli str. K-12 substr. W3110	wild type	not applicable	not applicable	not applicable	37°C	3	run 12	proteomic profiling by mass spectrometry	TMT128N	NT=Q Exactive HF-X;AC=MS:1002877	NT=Trypsin;AC=MS:1001251;CS=(?<=[KR])(?!P)	NT=Carbamidomethyl;AC=UNIMOD:4;CF=H(3) C(2) N O;MM=57.021464;MT=Fixed;PP=Anywhere;TA=C	NT=Oxidation;AC=UNIMOD:35;MM=15.994915;MT=Variable;PP=Anywhere;TA=M	NT=TMT6plex;AC=UNIMOD:737;MT=Variable;PP=Anywhere;TA=K	NT=Acetyl;AC=UNIMOD:1;MT=Variable;PP=Protein N-term	NT=Data-dependent acquisition;AC=PRIDE:0000627	NT=HCD;AC=MS:1002481	32% NCE	10 ppm	0.02 Da	DTT	IAA	high-pH reversed-phase fractionation	2	1	2	sdrf-skills annotate v(this run)	HFX4_FFRA20H101797-1A.raw	v1.1.0	NT=ms-proteomics;VV=v1.1.0
HFX4_FFRA20H101797-1A.raw-TMT128C	Escherichia coli	Escherichia coli str. K-12 substr. W3110 delta-glyA	glyA deletion mutant	not applicable	not applicable	not applicable	37°C	1	run 13	proteomic profiling by mass spectrometry	TMT128C	NT=Q Exactive HF-X;AC=MS:1002877	NT=Trypsin;AC=MS:1001251;CS=(?<=[KR])(?!P)	NT=Carbamidomethyl;AC=UNIMOD:4;CF=H(3) C(2) N O;MM=57.021464;MT=Fixed;PP=Anywhere;TA=C	NT=Oxidation;AC=UNIMOD:35;MM=15.994915;MT=Variable;PP=Anywhere;TA=M	NT=TMT6plex;AC=UNIMOD:737;MT=Variable;PP=Anywhere;TA=K	NT=Acetyl;AC=UNIMOD:1;MT=Variable;PP=Protein N-term	NT=Data-dependent acquisition;AC=PRIDE:0000627	NT=HCD;AC=MS:1002481	32% NCE	10 ppm	0.02 Da	DTT	IAA	high-pH reversed-phase fractionation	2	1	2	sdrf-skills annotate v(this run)	HFX4_FFRA20H101797-1A.raw	v1.1.0	NT=ms-proteomics;VV=v1.1.0
HFX4_FFRA20H101797-1A.raw-TMT129N	Escherichia coli	Escherichia coli str. K-12 substr. W3110 delta-glyA	glyA deletion mutant	not applicable	not applicable	not applicable	37°C	2	run 14	proteomic profiling by mass spectrometry	TMT129N	NT=Q Exactive HF-X;AC=MS:1002877	NT=Trypsin;AC=MS:1001251;CS=(?<=[KR])(?!P)	NT=Carbamidomethyl;AC=UNIMOD:4;CF=H(3) C(2) N O;MM=57.021464;MT=Fixed;PP=Anywhere;TA=C	NT=Oxidation;AC=UNIMOD:35;MM=15.994915;MT=Variable;PP=Anywhere;TA=M	NT=TMT6plex;AC=UNIMOD:737;MT=Variable;PP=Anywhere;TA=K	NT=Acetyl;AC=UNIMOD:1;MT=Variable;PP=Protein N-term	NT=Data-dependent acquisition;AC=PRIDE:0000627	NT=HCD;AC=MS:1002481	32% NCE	10 ppm	0.02 Da	DTT	IAA	high-pH reversed-phase fractionation	2	1	2	sdrf-skills annotate v(this run)	HFX4_FFRA20H101797-1A.raw	v1.1.0	NT=ms-proteomics;VV=v1.1.0
HFX4_FFRA20H101797-1A.raw-TMT129C	Escherichia coli	Escherichia coli str. K-12 substr. W3110 delta-glyA	glyA deletion mutant	not applicable	not applicable	not applicable	37°C	3	run 15	proteomic profiling by mass spectrometry	TMT129C	NT=Q Exactive HF-X;AC=MS:1002877	NT=Trypsin;AC=MS:1001251;CS=(?<=[KR])(?!P)	NT=Carbamidomethyl;AC=UNIMOD:4;CF=H(3) C(2) N O;MM=57.021464;MT=Fixed;PP=Anywhere;TA=C	NT=Oxidation;AC=UNIMOD:35;MM=15.994915;MT=Variable;PP=Anywhere;TA=M	NT=TMT6plex;AC=UNIMOD:737;MT=Variable;PP=Anywhere;TA=K	NT=Acetyl;AC=UNIMOD:1;MT=Variable;PP=Protein N-term	NT=Data-dependent acquisition;AC=PRIDE:0000627	NT=HCD;AC=MS:1002481	32% NCE	10 ppm	0.02 Da	DTT	IAA	high-pH reversed-phase fractionation	2	1	2	sdrf-skills annotate v(this run)	HFX4_FFRA20H101797-1A.raw	v1.1.0	NT=ms-proteomics;VV=v1.1.0
HFX4_FFRA20H101797-1A.raw-TMT130N	Escherichia coli	Escherichia coli str. K-12 substr. W3110 N-15	yrdC reverse mutant	not applicable	not applicable	not applicable	37°C	1	run 16	proteomic profiling by mass spectrometry	TMT130N	NT=Q Exactive HF-X;AC=MS:1002877	NT=Trypsin;AC=MS:1001251;CS=(?<=[KR])(?!P)	NT=Carbamidomethyl;AC=UNIMOD:4;CF=H(3) C(2) N O;MM=57.021464;MT=Fixed;PP=Anywhere;TA=C	NT=Oxidation;AC=UNIMOD:35;MM=15.994915;MT=Variable;PP=Anywhere;TA=M	NT=TMT6plex;AC=UNIMOD:737;MT=Variable;PP=Anywhere;TA=K	NT=Acetyl;AC=UNIMOD:1;MT=Variable;PP=Protein N-term	NT=Data-dependent acquisition;AC=PRIDE:0000627	NT=HCD;AC=MS:1002481	32% NCE	10 ppm	0.02 Da	DTT	IAA	high-pH reversed-phase fractionation	2	1	2	sdrf-skills annotate v(this run)	HFX4_FFRA20H101797-1A.raw	v1.1.0	NT=ms-proteomics;VV=v1.1.0
HFX4_FFRA20H101797-1A.raw-TMT130C	Escherichia coli	Escherichia coli str. K-12 substr. W3110 N-15	yrdC reverse mutant	not applicable	not applicable	not applicable	37°C	2	run 17	proteomic profiling by mass spectrometry	TMT130C	NT=Q Exactive HF-X;AC=MS:1002877	NT=Trypsin;AC=MS:1001251;CS=(?<=[KR])(?!P)	NT=Carbamidomethyl;AC=UNIMOD:4;CF=H(3) C(2) N O;MM=57.021464;MT=Fixed;PP=Anywhere;TA=C	NT=Oxidation;AC=UNIMOD:35;MM=15.994915;MT=Variable;PP=Anywhere;TA=M	NT=TMT6plex;AC=UNIMOD:737;MT=Variable;PP=Anywhere;TA=K	NT=Acetyl;AC=UNIMOD:1;MT=Variable;PP=Protein N-term	NT=Data-dependent acquisition;AC=PRIDE:0000627	NT=HCD;AC=MS:1002481	32% NCE	10 ppm	0.02 Da	DTT	IAA	high-pH reversed-phase fractionation	2	1	2	sdrf-skills annotate v(this run)	HFX4_FFRA20H101797-1A.raw	v1.1.0	NT=ms-proteomics;VV=v1.1.0
HFX4_FFRA20H101797-1A.raw-TMT131	Escherichia coli	Escherichia coli str. K-12 substr. W3110 N-15	yrdC reverse mutant	not applicable	not applicable	not applicable	37°C	3	run 18	proteomic profiling by mass spectrometry	TMT131	NT=Q Exactive HF-X;AC=MS:1002877	NT=Trypsin;AC=MS:1001251;CS=(?<=[KR])(?!P)	NT=Carbamidomethyl;AC=UNIMOD:4;CF=H(3) C(2) N O;MM=57.021464;MT=Fixed;PP=Anywhere;TA=C	NT=Oxidation;AC=UNIMOD:35;MM=15.994915;MT=Variable;PP=Anywhere;TA=M	NT=TMT6plex;AC=UNIMOD:737;MT=Variable;PP=Anywhere;TA=K	NT=Acetyl;AC=UNIMOD:1;MT=Variable;PP=Protein N-term	NT=Data-dependent acquisition;AC=PRIDE:0000627	NT=HCD;AC=MS:1002481	32% NCE	10 ppm	0.02 Da	DTT	IAA	high-pH reversed-phase fractionation	2	1	2	sdrf-skills annotate v(this run)	HFX4_FFRA20H101797-1A.raw	v1.1.0	NT=ms-proteomics;VV=v1.1.0
HFX4_FFRA20H101798-1A.raw-TMT127N	Escherichia coli	Escherichia coli str. K-12 substr. W3110	wild type	not applicable	not applicable	not applicable	37°C	1	run 19	proteomic profiling by mass spectrometry	TMT127N	NT=Q Exactive HF-X;AC=MS:1002877	NT=Trypsin;AC=MS:1001251;CS=(?<=[KR])(?!P)	NT=Carbamidomethyl;AC=UNIMOD:4;CF=H(3) C(2) N O;MM=57.021464;MT=Fixed;PP=Anywhere;TA=C	NT=Oxidation;AC=UNIMOD:35;MM=15.994915;MT=Variable;PP=Anywhere;TA=M	NT=TMT6plex;AC=UNIMOD:737;MT=Variable;PP=Anywhere;TA=K	NT=Acetyl;AC=UNIMOD:1;MT=Variable;PP=Protein N-term	NT=Data-dependent acquisition;AC=PRIDE:0000627	NT=HCD;AC=MS:1002481	32% NCE	10 ppm	0.02 Da	DTT	IAA	high-pH reversed-phase fractionation	3	1	2	sdrf-skills annotate v(this run)	HFX4_FFRA20H101798-1A.raw	v1.1.0	NT=ms-proteomics;VV=v1.1.0
HFX4_FFRA20H101798-1A.raw-TMT127C	Escherichia coli	Escherichia coli str. K-12 substr. W3110	wild type	not applicable	not applicable	not applicable	37°C	2	run 20	proteomic profiling by mass spectrometry	TMT127C	NT=Q Exactive HF-X;AC=MS:1002877	NT=Trypsin;AC=MS:1001251;CS=(?<=[KR])(?!P)	NT=Carbamidomethyl;AC=UNIMOD:4;CF=H(3) C(2) N O;MM=57.021464;MT=Fixed;PP=Anywhere;TA=C	NT=Oxidation;AC=UNIMOD:35;MM=15.994915;MT=Variable;PP=Anywhere;TA=M	NT=TMT6plex;AC=UNIMOD:737;MT=Variable;PP=Anywhere;TA=K	NT=Acetyl;AC=UNIMOD:1;MT=Variable;PP=Protein N-term	NT=Data-dependent acquisition;AC=PRIDE:0000627	NT=HCD;AC=MS:1002481	32% NCE	10 ppm	0.02 Da	DTT	IAA	high-pH reversed-phase fractionation	3	1	2	sdrf-skills annotate v(this run)	HFX4_FFRA20H101798-1A.raw	v1.1.0	NT=ms-proteomics;VV=v1.1.0
HFX4_FFRA20H101798-1A.raw-TMT128N	Escherichia coli	Escherichia coli str. K-12 substr. W3110	wild type	not applicable	not applicable	not applicable	37°C	3	run 21	proteomic profiling by mass spectrometry	TMT128N	NT=Q Exactive HF-X;AC=MS:1002877	NT=Trypsin;AC=MS:1001251;CS=(?<=[KR])(?!P)	NT=Carbamidomethyl;AC=UNIMOD:4;CF=H(3) C(2) N O;MM=57.021464;MT=Fixed;PP=Anywhere;TA=C	NT=Oxidation;AC=UNIMOD:35;MM=15.994915;MT=Variable;PP=Anywhere;TA=M	NT=TMT6plex;AC=UNIMOD:737;MT=Variable;PP=Anywhere;TA=K	NT=Acetyl;AC=UNIMOD:1;MT=Variable;PP=Protein N-term	NT=Data-dependent acquisition;AC=PRIDE:0000627	NT=HCD;AC=MS:1002481	32% NCE	10 ppm	0.02 Da	DTT	IAA	high-pH reversed-phase fractionation	3	1	2	sdrf-skills annotate v(this run)	HFX4_FFRA20H101798-1A.raw	v1.1.0	NT=ms-proteomics;VV=v1.1.0
HFX4_FFRA20H101798-1A.raw-TMT128C	Escherichia coli	Escherichia coli str. K-12 substr. W3110 delta-glyA	glyA deletion mutant	not applicable	not applicable	not applicable	37°C	1	run 22	proteomic profiling by mass spectrometry	TMT128C	NT=Q Exactive HF-X;AC=MS:1002877	NT=Trypsin;AC=MS:1001251;CS=(?<=[KR])(?!P)	NT=Carbamidomethyl;AC=UNIMOD:4;CF=H(3) C(2) N O;MM=57.021464;MT=Fixed;PP=Anywhere;TA=C	NT=Oxidation;AC=UNIMOD:35;MM=15.994915;MT=Variable;PP=Anywhere;TA=M	NT=TMT6plex;AC=UNIMOD:737;MT=Variable;PP=Anywhere;TA=K	NT=Acetyl;AC=UNIMOD:1;MT=Variable;PP=Protein N-term	NT=Data-dependent acquisition;AC=PRIDE:0000627	NT=HCD;AC=MS:1002481	32% NCE	10 ppm	0.02 Da	DTT	IAA	high-pH reversed-phase fractionation	3	1	2	sdrf-skills annotate v(this run)	HFX4_FFRA20H101798-1A.raw	v1.1.0	NT=ms-proteomics;VV=v1.1.0
HFX4_FFRA20H101798-1A.raw-TMT129N	Escherichia coli	Escherichia coli str. K-12 substr. W3110 delta-glyA	glyA deletion mutant	not applicable	not applicable	not applicable	37°C	2	run 23	proteomic profiling by mass spectrometry	TMT129N	NT=Q Exactive HF-X;AC=MS:1002877	NT=Trypsin;AC=MS:1001251;CS=(?<=[KR])(?!P)	NT=Carbamidomethyl;AC=UNIMOD:4;CF=H(3) C(2) N O;MM=57.021464;MT=Fixed;PP=Anywhere;TA=C	NT=Oxidation;AC=UNIMOD:35;MM=15.994915;MT=Variable;PP=Anywhere;TA=M	NT=TMT6plex;AC=UNIMOD:737;MT=Variable;PP=Anywhere;TA=K	NT=Acetyl;AC=UNIMOD:1;MT=Variable;PP=Protein N-term	NT=Data-dependent acquisition;AC=PRIDE:0000627	NT=HCD;AC=MS:1002481	32% NCE	10 ppm	0.02 Da	DTT	IAA	high-pH reversed-phase fractionation	3	1	2	sdrf-skills annotate v(this run)	HFX4_FFRA20H101798-1A.raw	v1.1.0	NT=ms-proteomics;VV=v1.1.0
HFX4_FFRA20H101798-1A.raw-TMT129C	Escherichia coli	Escherichia coli str. K-12 substr. W3110 delta-glyA	glyA deletion mutant	not applicable	not applicable	not applicable	37°C	3	run 24	proteomic profiling by mass spectrometry	TMT129C	NT=Q Exactive HF-X;AC=MS:1002877	NT=Trypsin;AC=MS:1001251;CS=(?<=[KR])(?!P)	NT=Carbamidomethyl;AC=UNIMOD:4;CF=H(3) C(2) N O;MM=57.021464;MT=Fixed;PP=Anywhere;TA=C	NT=Oxidation;AC=UNIMOD:35;MM=15.994915;MT=Variable;PP=Anywhere;TA=M	NT=TMT6plex;AC=UNIMOD:737;MT=Variable;PP=Anywhere;TA=K	NT=Acetyl;AC=UNIMOD:1;MT=Variable;PP=Protein N-term	NT=Data-dependent acquisition;AC=PRIDE:0000627	NT=HCD;AC=MS:1002481	32% NCE	10 ppm	0.02 Da	DTT	IAA	high-pH reversed-phase fractionation	3	1	2	sdrf-skills annotate v(this run)	HFX4_FFRA20H101798-1A.raw	v1.1.0	NT=ms-proteomics;VV=v1.1.0
HFX4_FFRA20H101798-1A.raw-TMT130N	Escherichia coli	Escherichia coli str. K-12 substr. W3110 N-15	yrdC reverse mutant	not applicable	not applicable	not applicable	37°C	1	run 25	proteomic profiling by mass spectrometry	TMT130N	NT=Q Exactive HF-X;AC=MS:1002877	NT=Trypsin;AC=MS:1001251;CS=(?<=[KR])(?!P)	NT=Carbamidomethyl;AC=UNIMOD:4;CF=H(3) C(2) N O;MM=57.021464;MT=Fixed;PP=Anywhere;TA=C	NT=Oxidation;AC=UNIMOD:35;MM=15.994915;MT=Variable;PP=Anywhere;TA=M	NT=TMT6plex;AC=UNIMOD:737;MT=Variable;PP=Anywhere;TA=K	NT=Acetyl;AC=UNIMOD:1;MT=Variable;PP=Protein N-term	NT=Data-dependent acquisition;AC=PRIDE:0000627	NT=HCD;AC=MS:1002481	32% NCE	10 ppm	0.02 Da	DTT	IAA	high-pH reversed-phase fractionation	3	1	2	sdrf-skills annotate v(this run)	HFX4_FFRA20H101798-1A.raw	v1.1.0	NT=ms-proteomics;VV=v1.1.0
HFX4_FFRA20H101798-1A.raw-TMT130C	Escherichia coli	Escherichia coli str. K-12 substr. W3110 N-15	yrdC reverse mutant	not applicable	not applicable	not applicable	37°C	2	run 26	proteomic profiling by mass spectrometry	TMT130C	NT=Q Exactive HF-X;AC=MS:1002877	NT=Trypsin;AC=MS:1001251;CS=(?<=[KR])(?!P)	NT=Carbamidomethyl;AC=UNIMOD:4;CF=H(3) C(2) N O;MM=57.021464;MT=Fixed;PP=Anywhere;TA=C	NT=Oxidation;AC=UNIMOD:35;MM=15.994915;MT=Variable;PP=Anywhere;TA=M	NT=TMT6plex;AC=UNIMOD:737;MT=Variable;PP=Anywhere;TA=K	NT=Acetyl;AC=UNIMOD:1;MT=Variable;PP=Protein N-term	NT=Data-dependent acquisition;AC=PRIDE:0000627	NT=HCD;AC=MS:1002481	32% NCE	10 ppm	0.02 Da	DTT	IAA	high-pH reversed-phase fractionation	3	1	2	sdrf-skills annotate v(this run)	HFX4_FFRA20H101798-1A.raw	v1.1.0	NT=ms-proteomics;VV=v1.1.0
HFX4_FFRA20H101798-1A.raw-TMT131	Escherichia coli	Escherichia coli str. K-12 substr. W3110 N-15	yrdC reverse mutant	not applicable	not applicable	not applicable	37°C	3	run 27	proteomic profiling by mass spectrometry	TMT131	NT=Q Exactive HF-X;AC=MS:1002877	NT=Trypsin;AC=MS:1001251;CS=(?<=[KR])(?!P)	NT=Carbamidomethyl;AC=UNIMOD:4;CF=H(3) C(2) N O;MM=57.021464;MT=Fixed;PP=Anywhere;TA=C	NT=Oxidation;AC=UNIMOD:35;MM=15.994915;MT=Variable;PP=Anywhere;TA=M	NT=TMT6plex;AC=UNIMOD:737;MT=Variable;PP=Anywhere;TA=K	NT=Acetyl;AC=UNIMOD:1;MT=Variable;PP=Protein N-term	NT=Data-dependent acquisition;AC=PRIDE:0000627	NT=HCD;AC=MS:1002481	32% NCE	10 ppm	0.02 Da	DTT	IAA	high-pH reversed-phase fractionation	3	1	2	sdrf-skills annotate v(this run)	HFX4_FFRA20H101798-1A.raw	v1.1.0	NT=ms-proteomics;VV=v1.1.0
HFX4_FFRA20H101799-1A.raw-TMT127N	Escherichia coli	Escherichia coli str. K-12 substr. W3110	wild type	not applicable	not applicable	not applicable	37°C	1	run 28	proteomic profiling by mass spectrometry	TMT127N	NT=Q Exactive HF-X;AC=MS:1002877	NT=Trypsin;AC=MS:1001251;CS=(?<=[KR])(?!P)	NT=Carbamidomethyl;AC=UNIMOD:4;CF=H(3) C(2) N O;MM=57.021464;MT=Fixed;PP=Anywhere;TA=C	NT=Oxidation;AC=UNIMOD:35;MM=15.994915;MT=Variable;PP=Anywhere;TA=M	NT=TMT6plex;AC=UNIMOD:737;MT=Variable;PP=Anywhere;TA=K	NT=Acetyl;AC=UNIMOD:1;MT=Variable;PP=Protein N-term	NT=Data-dependent acquisition;AC=PRIDE:0000627	NT=HCD;AC=MS:1002481	32% NCE	10 ppm	0.02 Da	DTT	IAA	high-pH reversed-phase fractionation	4	1	2	sdrf-skills annotate v(this run)	HFX4_FFRA20H101799-1A.raw	v1.1.0	NT=ms-proteomics;VV=v1.1.0
HFX4_FFRA20H101799-1A.raw-TMT127C	Escherichia coli	Escherichia coli str. K-12 substr. W3110	wild type	not applicable	not applicable	not applicable	37°C	2	run 29	proteomic profiling by mass spectrometry	TMT127C	NT=Q Exactive HF-X;AC=MS:1002877	NT=Trypsin;AC=MS:1001251;CS=(?<=[KR])(?!P)	NT=Carbamidomethyl;AC=UNIMOD:4;CF=H(3) C(2) N O;MM=57.021464;MT=Fixed;PP=Anywhere;TA=C	NT=Oxidation;AC=UNIMOD:35;MM=15.994915;MT=Variable;PP=Anywhere;TA=M	NT=TMT6plex;AC=UNIMOD:737;MT=Variable;PP=Anywhere;TA=K	NT=Acetyl;AC=UNIMOD:1;MT=Variable;PP=Protein N-term	NT=Data-dependent acquisition;AC=PRIDE:0000627	NT=HCD;AC=MS:1002481	32% NCE	10 ppm	0.02 Da	DTT	IAA	high-pH reversed-phase fractionation	4	1	2	sdrf-skills annotate v(this run)	HFX4_FFRA20H101799-1A.raw	v1.1.0	NT=ms-proteomics;VV=v1.1.0
HFX4_FFRA20H101799-1A.raw-TMT128N	Escherichia coli	Escherichia coli str. K-12 substr. W3110	wild type	not applicable	not applicable	not applicable	37°C	3	run 30	proteomic profiling by mass spectrometry	TMT128N	NT=Q Exactive HF-X;AC=MS:1002877	NT=Trypsin;AC=MS:1001251;CS=(?<=[KR])(?!P)	NT=Carbamidomethyl;AC=UNIMOD:4;CF=H(3) C(2) N O;MM=57.021464;MT=Fixed;PP=Anywhere;TA=C	NT=Oxidation;AC=UNIMOD:35;MM=15.994915;MT=Variable;PP=Anywhere;TA=M	NT=TMT6plex;AC=UNIMOD:737;MT=Variable;PP=Anywhere;TA=K	NT=Acetyl;AC=UNIMOD:1;MT=Variable;PP=Protein N-term	NT=Data-dependent acquisition;AC=PRIDE:0000627	NT=HCD;AC=MS:1002481	32% NCE	10 ppm	0.02 Da	DTT	IAA	high-pH reversed-phase fractionation	4	1	2	sdrf-skills annotate v(this run)	HFX4_FFRA20H101799-1A.raw	v1.1.0	NT=ms-proteomics;VV=v1.1.0
HFX4_FFRA20H101799-1A.raw-TMT128C	Escherichia coli	Escherichia coli str. K-12 substr. W3110 delta-glyA	glyA deletion mutant	not applicable	not applicable	not applicable	37°C	1	run 31	proteomic profiling by mass spectrometry	TMT128C	NT=Q Exactive HF-X;AC=MS:1002877	NT=Trypsin;AC=MS:1001251;CS=(?<=[KR])(?!P)	NT=Carbamidomethyl;AC=UNIMOD:4;CF=H(3) C(2) N O;MM=57.021464;MT=Fixed;PP=Anywhere;TA=C	NT=Oxidation;AC=UNIMOD:35;MM=15.994915;MT=Variable;PP=Anywhere;TA=M	NT=TMT6plex;AC=UNIMOD:737;MT=Variable;PP=Anywhere;TA=K	NT=Acetyl;AC=UNIMOD:1;MT=Variable;PP=Protein N-term	NT=Data-dependent acquisition;AC=PRIDE:0000627	NT=HCD;AC=MS:1002481	32% NCE	10 ppm	0.02 Da	DTT	IAA	high-pH reversed-phase fractionation	4	1	2	sdrf-skills annotate v(this run)	HFX4_FFRA20H101799-1A.raw	v1.1.0	NT=ms-proteomics;VV=v1.1.0
HFX4_FFRA20H101799-1A.raw-TMT129N	Escherichia coli	Escherichia coli str. K-12 substr. W3110 delta-glyA	glyA deletion mutant	not applicable	not applicable	not applicable	37°C	2	run 32	proteomic profiling by mass spectrometry	TMT129N	NT=Q Exactive HF-X;AC=MS:1002877	NT=Trypsin;AC=MS:1001251;CS=(?<=[KR])(?!P)	NT=Carbamidomethyl;AC=UNIMOD:4;CF=H(3) C(2) N O;MM=57.021464;MT=Fixed;PP=Anywhere;TA=C	NT=Oxidation;AC=UNIMOD:35;MM=15.994915;MT=Variable;PP=Anywhere;TA=M	NT=TMT6plex;AC=UNIMOD:737;MT=Variable;PP=Anywhere;TA=K	NT=Acetyl;AC=UNIMOD:1;MT=Variable;PP=Protein N-term	NT=Data-dependent acquisition;AC=PRIDE:0000627	NT=HCD;AC=MS:1002481	32% NCE	10 ppm	0.02 Da	DTT	IAA	high-pH reversed-phase fractionation	4	1	2	sdrf-skills annotate v(this run)	HFX4_FFRA20H101799-1A.raw	v1.1.0	NT=ms-proteomics;VV=v1.1.0
HFX4_FFRA20H101799-1A.raw-TMT129C	Escherichia coli	Escherichia coli str. K-12 substr. W3110 delta-glyA	glyA deletion mutant	not applicable	not applicable	not applicable	37°C	3	run 33	proteomic profiling by mass spectrometry	TMT129C	NT=Q Exactive HF-X;AC=MS:1002877	NT=Trypsin;AC=MS:1001251;CS=(?<=[KR])(?!P)	NT=Carbamidomethyl;AC=UNIMOD:4;CF=H(3) C(2) N O;MM=57.021464;MT=Fixed;PP=Anywhere;TA=C	NT=Oxidation;AC=UNIMOD:35;MM=15.994915;MT=Variable;PP=Anywhere;TA=M	NT=TMT6plex;AC=UNIMOD:737;MT=Variable;PP=Anywhere;TA=K	NT=Acetyl;AC=UNIMOD:1;MT=Variable;PP=Protein N-term	NT=Data-dependent acquisition;AC=PRIDE:0000627	NT=HCD;AC=MS:1002481	32% NCE	10 ppm	0.02 Da	DTT	IAA	high-pH reversed-phase fractionation	4	1	2	sdrf-skills annotate v(this run)	HFX4_FFRA20H101799-1A.raw	v1.1.0	NT=ms-proteomics;VV=v1.1.0
HFX4_FFRA20H101799-1A.raw-TMT130N	Escherichia coli	Escherichia coli str. K-12 substr. W3110 N-15	yrdC reverse mutant	not applicable	not applicable	not applicable	37°C	1	run 34	proteomic profiling by mass spectrometry	TMT130N	NT=Q Exactive HF-X;AC=MS:1002877	NT=Trypsin;AC=MS:1001251;CS=(?<=[KR])(?!P)	NT=Carbamidomethyl;AC=UNIMOD:4;CF=H(3) C(2) N O;MM=57.021464;MT=Fixed;PP=Anywhere;TA=C	NT=Oxidation;AC=UNIMOD:35;MM=15.994915;MT=Variable;PP=Anywhere;TA=M	NT=TMT6plex;AC=UNIMOD:737;MT=Variable;PP=Anywhere;TA=K	NT=Acetyl;AC=UNIMOD:1;MT=Variable;PP=Protein N-term	NT=Data-dependent acquisition;AC=PRIDE:0000627	NT=HCD;AC=MS:1002481	32% NCE	10 ppm	0.02 Da	DTT	IAA	high-pH reversed-phase fractionation	4	1	2	sdrf-skills annotate v(this run)	HFX4_FFRA20H101799-1A.raw	v1.1.0	NT=ms-proteomics;VV=v1.1.0
HFX4_FFRA20H101799-1A.raw-TMT130C	Escherichia coli	Escherichia coli str. K-12 substr. W3110 N-15	yrdC reverse mutant	not applicable	not applicable	not applicable	37°C	2	run 35	proteomic profiling by mass spectrometry	TMT130C	NT=Q Exactive HF-X;AC=MS:1002877	NT=Trypsin;AC=MS:1001251;CS=(?<=[KR])(?!P)	NT=Carbamidomethyl;AC=UNIMOD:4;CF=H(3) C(2) N O;MM=57.021464;MT=Fixed;PP=Anywhere;TA=C	NT=Oxidation;AC=UNIMOD:35;MM=15.994915;MT=Variable;PP=Anywhere;TA=M	NT=TMT6plex;AC=UNIMOD:737;MT=Variable;PP=Anywhere;TA=K	NT=Acetyl;AC=UNIMOD:1;MT=Variable;PP=Protein N-term	NT=Data-dependent acquisition;AC=PRIDE:0000627	NT=HCD;AC=MS:1002481	32% NCE	10 ppm	0.02 Da	DTT	IAA	high-pH reversed-phase fractionation	4	1	2	sdrf-skills annotate v(this run)	HFX4_FFRA20H101799-1A.raw	v1.1.0	NT=ms-proteomics;VV=v1.1.0
HFX4_FFRA20H101799-1A.raw-TMT131	Escherichia coli	Escherichia coli str. K-12 substr. W3110 N-15	yrdC reverse mutant	not applicable	not applicable	not applicable	37°C	3	run 36	proteomic profiling by mass spectrometry	TMT131	NT=Q Exactive HF-X;AC=MS:1002877	NT=Trypsin;AC=MS:1001251;CS=(?<=[KR])(?!P)	NT=Carbamidomethyl;AC=UNIMOD:4;CF=H(3) C(2) N O;MM=57.021464;MT=Fixed;PP=Anywhere;TA=C	NT=Oxidation;AC=UNIMOD:35;MM=15.994915;MT=Variable;PP=Anywhere;TA=M	NT=TMT6plex;AC=UNIMOD:737;MT=Variable;PP=Anywhere;TA=K	NT=Acetyl;AC=UNIMOD:1;MT=Variable;PP=Protein N-term	NT=Data-dependent acquisition;AC=PRIDE:0000627	NT=HCD;AC=MS:1002481	32% NCE	10 ppm	0.02 Da	DTT	IAA	high-pH reversed-phase fractionation	4	1	2	sdrf-skills annotate v(this run)	HFX4_FFRA20H101799-1A.raw	v1.1.0	NT=ms-proteomics;VV=v1.1.0
HFX4_FFRA20H101800-1A.raw-TMT127N	Escherichia coli	Escherichia coli str. K-12 substr. W3110	wild type	not applicable	not applicable	not applicable	37°C	1	run 37	proteomic profiling by mass spectrometry	TMT127N	NT=Q Exactive HF-X;AC=MS:1002877	NT=Trypsin;AC=MS:1001251;CS=(?<=[KR])(?!P)	NT=Carbamidomethyl;AC=UNIMOD:4;CF=H(3) C(2) N O;MM=57.021464;MT=Fixed;PP=Anywhere;TA=C	NT=Oxidation;AC=UNIMOD:35;MM=15.994915;MT=Variable;PP=Anywhere;TA=M	NT=TMT6plex;AC=UNIMOD:737;MT=Variable;PP=Anywhere;TA=K	NT=Acetyl;AC=UNIMOD:1;MT=Variable;PP=Protein N-term	NT=Data-dependent acquisition;AC=PRIDE:0000627	NT=HCD;AC=MS:1002481	32% NCE	10 ppm	0.02 Da	DTT	IAA	high-pH reversed-phase fractionation	5	1	2	sdrf-skills annotate v(this run)	HFX4_FFRA20H101800-1A.raw	v1.1.0	NT=ms-proteomics;VV=v1.1.0
HFX4_FFRA20H101800-1A.raw-TMT127C	Escherichia coli	Escherichia coli str. K-12 substr. W3110	wild type	not applicable	not applicable	not applicable	37°C	2	run 38	proteomic profiling by mass spectrometry	TMT127C	NT=Q Exactive HF-X;AC=MS:1002877	NT=Trypsin;AC=MS:1001251;CS=(?<=[KR])(?!P)	NT=Carbamidomethyl;AC=UNIMOD:4;CF=H(3) C(2) N O;MM=57.021464;MT=Fixed;PP=Anywhere;TA=C	NT=Oxidation;AC=UNIMOD:35;MM=15.994915;MT=Variable;PP=Anywhere;TA=M	NT=TMT6plex;AC=UNIMOD:737;MT=Variable;PP=Anywhere;TA=K	NT=Acetyl;AC=UNIMOD:1;MT=Variable;PP=Protein N-term	NT=Data-dependent acquisition;AC=PRIDE:0000627	NT=HCD;AC=MS:1002481	32% NCE	10 ppm	0.02 Da	DTT	IAA	high-pH reversed-phase fractionation	5	1	2	sdrf-skills annotate v(this run)	HFX4_FFRA20H101800-1A.raw	v1.1.0	NT=ms-proteomics;VV=v1.1.0
HFX4_FFRA20H101800-1A.raw-TMT128N	Escherichia coli	Escherichia coli str. K-12 substr. W3110	wild type	not applicable	not applicable	not applicable	37°C	3	run 39	proteomic profiling by mass spectrometry	TMT128N	NT=Q Exactive HF-X;AC=MS:1002877	NT=Trypsin;AC=MS:1001251;CS=(?<=[KR])(?!P)	NT=Carbamidomethyl;AC=UNIMOD:4;CF=H(3) C(2) N O;MM=57.021464;MT=Fixed;PP=Anywhere;TA=C	NT=Oxidation;AC=UNIMOD:35;MM=15.994915;MT=Variable;PP=Anywhere;TA=M	NT=TMT6plex;AC=UNIMOD:737;MT=Variable;PP=Anywhere;TA=K	NT=Acetyl;AC=UNIMOD:1;MT=Variable;PP=Protein N-term	NT=Data-dependent acquisition;AC=PRIDE:0000627	NT=HCD;AC=MS:1002481	32% NCE	10 ppm	0.02 Da	DTT	IAA	high-pH reversed-phase fractionation	5	1	2	sdrf-skills annotate v(this run)	HFX4_FFRA20H101800-1A.raw	v1.1.0	NT=ms-proteomics;VV=v1.1.0
HFX4_FFRA20H101800-1A.raw-TMT128C	Escherichia coli	Escherichia coli str. K-12 substr. W3110 delta-glyA	glyA deletion mutant	not applicable	not applicable	not applicable	37°C	1	run 40	proteomic profiling by mass spectrometry	TMT128C	NT=Q Exactive HF-X;AC=MS:1002877	NT=Trypsin;AC=MS:1001251;CS=(?<=[KR])(?!P)	NT=Carbamidomethyl;AC=UNIMOD:4;CF=H(3) C(2) N O;MM=57.021464;MT=Fixed;PP=Anywhere;TA=C	NT=Oxidation;AC=UNIMOD:35;MM=15.994915;MT=Variable;PP=Anywhere;TA=M	NT=TMT6plex;AC=UNIMOD:737;MT=Variable;PP=Anywhere;TA=K	NT=Acetyl;AC=UNIMOD:1;MT=Variable;PP=Protein N-term	NT=Data-dependent acquisition;AC=PRIDE:0000627	NT=HCD;AC=MS:1002481	32% NCE	10 ppm	0.02 Da	DTT	IAA	high-pH reversed-phase fractionation	5	1	2	sdrf-skills annotate v(this run)	HFX4_FFRA20H101800-1A.raw	v1.1.0	NT=ms-proteomics;VV=v1.1.0
HFX4_FFRA20H101800-1A.raw-TMT129N	Escherichia coli	Escherichia coli str. K-12 substr. W3110 delta-glyA	glyA deletion mutant	not applicable	not applicable	not applicable	37°C	2	run 41	proteomic profiling by mass spectrometry	TMT129N	NT=Q Exactive HF-X;AC=MS:1002877	NT=Trypsin;AC=MS:1001251;CS=(?<=[KR])(?!P)	NT=Carbamidomethyl;AC=UNIMOD:4;CF=H(3) C(2) N O;MM=57.021464;MT=Fixed;PP=Anywhere;TA=C	NT=Oxidation;AC=UNIMOD:35;MM=15.994915;MT=Variable;PP=Anywhere;TA=M	NT=TMT6plex;AC=UNIMOD:737;MT=Variable;PP=Anywhere;TA=K	NT=Acetyl;AC=UNIMOD:1;MT=Variable;PP=Protein N-term	NT=Data-dependent acquisition;AC=PRIDE:0000627	NT=HCD;AC=MS:1002481	32% NCE	10 ppm	0.02 Da	DTT	IAA	high-pH reversed-phase fractionation	5	1	2	sdrf-skills annotate v(this run)	HFX4_FFRA20H101800-1A.raw	v1.1.0	NT=ms-proteomics;VV=v1.1.0
HFX4_FFRA20H101800-1A.raw-TMT129C	Escherichia coli	Escherichia coli str. K-12 substr. W3110 delta-glyA	glyA deletion mutant	not applicable	not applicable	not applicable	37°C	3	run 42	proteomic profiling by mass spectrometry	TMT129C	NT=Q Exactive HF-X;AC=MS:1002877	NT=Trypsin;AC=MS:1001251;CS=(?<=[KR])(?!P)	NT=Carbamidomethyl;AC=UNIMOD:4;CF=H(3) C(2) N O;MM=57.021464;MT=Fixed;PP=Anywhere;TA=C	NT=Oxidation;AC=UNIMOD:35;MM=15.994915;MT=Variable;PP=Anywhere;TA=M	NT=TMT6plex;AC=UNIMOD:737;MT=Variable;PP=Anywhere;TA=K	NT=Acetyl;AC=UNIMOD:1;MT=Variable;PP=Protein N-term	NT=Data-dependent acquisition;AC=PRIDE:0000627	NT=HCD;AC=MS:1002481	32% NCE	10 ppm	0.02 Da	DTT	IAA	high-pH reversed-phase fractionation	5	1	2	sdrf-skills annotate v(this run)	HFX4_FFRA20H101800-1A.raw	v1.1.0	NT=ms-proteomics;VV=v1.1.0
HFX4_FFRA20H101800-1A.raw-TMT130N	Escherichia coli	Escherichia coli str. K-12 substr. W3110 N-15	yrdC reverse mutant	not applicable	not applicable	not applicable	37°C	1	run 43	proteomic profiling by mass spectrometry	TMT130N	NT=Q Exactive HF-X;AC=MS:1002877	NT=Trypsin;AC=MS:1001251;CS=(?<=[KR])(?!P)	NT=Carbamidomethyl;AC=UNIMOD:4;CF=H(3) C(2) N O;MM=57.021464;MT=Fixed;PP=Anywhere;TA=C	NT=Oxidation;AC=UNIMOD:35;MM=15.994915;MT=Variable;PP=Anywhere;TA=M	NT=TMT6plex;AC=UNIMOD:737;MT=Variable;PP=Anywhere;TA=K	NT=Acetyl;AC=UNIMOD:1;MT=Variable;PP=Protein N-term	NT=Data-dependent acquisition;AC=PRIDE:0000627	NT=HCD;AC=MS:1002481	32% NCE	10 ppm	0.02 Da	DTT	IAA	high-pH reversed-phase fractionation	5	1	2	sdrf-skills annotate v(this run)	HFX4_FFRA20H101800-1A.raw	v1.1.0	NT=ms-proteomics;VV=v1.1.0
HFX4_FFRA20H101800-1A.raw-TMT130C	Escherichia coli	Escherichia coli str. K-12 substr. W3110 N-15	yrdC reverse mutant	not applicable	not applicable	not applicable	37°C	2	run 44	proteomic profiling by mass spectrometry	TMT130C	NT=Q Exactive HF-X;AC=MS:1002877	NT=Trypsin;AC=MS:1001251;CS=(?<=[KR])(?!P)	NT=Carbamidomethyl;AC=UNIMOD:4;CF=H(3) C(2) N O;MM=57.021464;MT=Fixed;PP=Anywhere;TA=C	NT=Oxidation;AC=UNIMOD:35;MM=15.994915;MT=Variable;PP=Anywhere;TA=M	NT=TMT6plex;AC=UNIMOD:737;MT=Variable;PP=Anywhere;TA=K	NT=Acetyl;AC=UNIMOD:1;MT=Variable;PP=Protein N-term	NT=Data-dependent acquisition;AC=PRIDE:0000627	NT=HCD;AC=MS:1002481	32% NCE	10 ppm	0.02 Da	DTT	IAA	high-pH reversed-phase fractionation	5	1	2	sdrf-skills annotate v(this run)	HFX4_FFRA20H101800-1A.raw	v1.1.0	NT=ms-proteomics;VV=v1.1.0
HFX4_FFRA20H101800-1A.raw-TMT131	Escherichia coli	Escherichia coli str. K-12 substr. W3110 N-15	yrdC reverse mutant	not applicable	not applicable	not applicable	37°C	3	run 45	proteomic profiling by mass spectrometry	TMT131	NT=Q Exactive HF-X;AC=MS:1002877	NT=Trypsin;AC=MS:1001251;CS=(?<=[KR])(?!P)	NT=Carbamidomethyl;AC=UNIMOD:4;CF=H(3) C(2) N O;MM=57.021464;MT=Fixed;PP=Anywhere;TA=C	NT=Oxidation;AC=UNIMOD:35;MM=15.994915;MT=Variable;PP=Anywhere;TA=M	NT=TMT6plex;AC=UNIMOD:737;MT=Variable;PP=Anywhere;TA=K	NT=Acetyl;AC=UNIMOD:1;MT=Variable;PP=Protein N-term	NT=Data-dependent acquisition;AC=PRIDE:0000627	NT=HCD;AC=MS:1002481	32% NCE	10 ppm	0.02 Da	DTT	IAA	high-pH reversed-phase fractionation	5	1	2	sdrf-skills annotate v(this run)	HFX4_FFRA20H101800-1A.raw	v1.1.0	NT=ms-proteomics;VV=v1.1.0
HFX4_FFRA20H101801-1A.raw-TMT127N	Escherichia coli	Escherichia coli str. K-12 substr. W3110	wild type	not applicable	not applicable	not applicable	37°C	1	run 46	proteomic profiling by mass spectrometry	TMT127N	NT=Q Exactive HF-X;AC=MS:1002877	NT=Trypsin;AC=MS:1001251;CS=(?<=[KR])(?!P)	NT=Carbamidomethyl;AC=UNIMOD:4;CF=H(3) C(2) N O;MM=57.021464;MT=Fixed;PP=Anywhere;TA=C	NT=Oxidation;AC=UNIMOD:35;MM=15.994915;MT=Variable;PP=Anywhere;TA=M	NT=TMT6plex;AC=UNIMOD:737;MT=Variable;PP=Anywhere;TA=K	NT=Acetyl;AC=UNIMOD:1;MT=Variable;PP=Protein N-term	NT=Data-dependent acquisition;AC=PRIDE:0000627	NT=HCD;AC=MS:1002481	32% NCE	10 ppm	0.02 Da	DTT	IAA	high-pH reversed-phase fractionation	6	1	2	sdrf-skills annotate v(this run)	HFX4_FFRA20H101801-1A.raw	v1.1.0	NT=ms-proteomics;VV=v1.1.0
HFX4_FFRA20H101801-1A.raw-TMT127C	Escherichia coli	Escherichia coli str. K-12 substr. W3110	wild type	not applicable	not applicable	not applicable	37°C	2	run 47	proteomic profiling by mass spectrometry	TMT127C	NT=Q Exactive HF-X;AC=MS:1002877	NT=Trypsin;AC=MS:1001251;CS=(?<=[KR])(?!P)	NT=Carbamidomethyl;AC=UNIMOD:4;CF=H(3) C(2) N O;MM=57.021464;MT=Fixed;PP=Anywhere;TA=C	NT=Oxidation;AC=UNIMOD:35;MM=15.994915;MT=Variable;PP=Anywhere;TA=M	NT=TMT6plex;AC=UNIMOD:737;MT=Variable;PP=Anywhere;TA=K	NT=Acetyl;AC=UNIMOD:1;MT=Variable;PP=Protein N-term	NT=Data-dependent acquisition;AC=PRIDE:0000627	NT=HCD;AC=MS:1002481	32% NCE	10 ppm	0.02 Da	DTT	IAA	high-pH reversed-phase fractionation	6	1	2	sdrf-skills annotate v(this run)	HFX4_FFRA20H101801-1A.raw	v1.1.0	NT=ms-proteomics;VV=v1.1.0
HFX4_FFRA20H101801-1A.raw-TMT128N	Escherichia coli	Escherichia coli str. K-12 substr. W3110	wild type	not applicable	not applicable	not applicable	37°C	3	run 48	proteomic profiling by mass spectrometry	TMT128N	NT=Q Exactive HF-X;AC=MS:1002877	NT=Trypsin;AC=MS:1001251;CS=(?<=[KR])(?!P)	NT=Carbamidomethyl;AC=UNIMOD:4;CF=H(3) C(2) N O;MM=57.021464;MT=Fixed;PP=Anywhere;TA=C	NT=Oxidation;AC=UNIMOD:35;MM=15.994915;MT=Variable;PP=Anywhere;TA=M	NT=TMT6plex;AC=UNIMOD:737;MT=Variable;PP=Anywhere;TA=K	NT=Acetyl;AC=UNIMOD:1;MT=Variable;PP=Protein N-term	NT=Data-dependent acquisition;AC=PRIDE:0000627	NT=HCD;AC=MS:1002481	32% NCE	10 ppm	0.02 Da	DTT	IAA	high-pH reversed-phase fractionation	6	1	2	sdrf-skills annotate v(this run)	HFX4_FFRA20H101801-1A.raw	v1.1.0	NT=ms-proteomics;VV=v1.1.0
HFX4_FFRA20H101801-1A.raw-TMT128C	Escherichia coli	Escherichia coli str. K-12 substr. W3110 delta-glyA	glyA deletion mutant	not applicable	not applicable	not applicable	37°C	1	run 49	proteomic profiling by mass spectrometry	TMT128C	NT=Q Exactive HF-X;AC=MS:1002877	NT=Trypsin;AC=MS:1001251;CS=(?<=[KR])(?!P)	NT=Carbamidomethyl;AC=UNIMOD:4;CF=H(3) C(2) N O;MM=57.021464;MT=Fixed;PP=Anywhere;TA=C	NT=Oxidation;AC=UNIMOD:35;MM=15.994915;MT=Variable;PP=Anywhere;TA=M	NT=TMT6plex;AC=UNIMOD:737;MT=Variable;PP=Anywhere;TA=K	NT=Acetyl;AC=UNIMOD:1;MT=Variable;PP=Protein N-term	NT=Data-dependent acquisition;AC=PRIDE:0000627	NT=HCD;AC=MS:1002481	32% NCE	10 ppm	0.02 Da	DTT	IAA	high-pH reversed-phase fractionation	6	1	2	sdrf-skills annotate v(this run)	HFX4_FFRA20H101801-1A.raw	v1.1.0	NT=ms-proteomics;VV=v1.1.0
HFX4_FFRA20H101801-1A.raw-TMT129N	Escherichia coli	Escherichia coli str. K-12 substr. W3110 delta-glyA	glyA deletion mutant	not applicable	not applicable	not applicable	37°C	2	run 50	proteomic profiling by mass spectrometry	TMT129N	NT=Q Exactive HF-X;AC=MS:1002877	NT=Trypsin;AC=MS:1001251;CS=(?<=[KR])(?!P)	NT=Carbamidomethyl;AC=UNIMOD:4;CF=H(3) C(2) N O;MM=57.021464;MT=Fixed;PP=Anywhere;TA=C	NT=Oxidation;AC=UNIMOD:35;MM=15.994915;MT=Variable;PP=Anywhere;TA=M	NT=TMT6plex;AC=UNIMOD:737;MT=Variable;PP=Anywhere;TA=K	NT=Acetyl;AC=UNIMOD:1;MT=Variable;PP=Protein N-term	NT=Data-dependent acquisition;AC=PRIDE:0000627	NT=HCD;AC=MS:1002481	32% NCE	10 ppm	0.02 Da	DTT	IAA	high-pH reversed-phase fractionation	6	1	2	sdrf-skills annotate v(this run)	HFX4_FFRA20H101801-1A.raw	v1.1.0	NT=ms-proteomics;VV=v1.1.0
HFX4_FFRA20H101801-1A.raw-TMT129C	Escherichia coli	Escherichia coli str. K-12 substr. W3110 delta-glyA	glyA deletion mutant	not applicable	not applicable	not applicable	37°C	3	run 51	proteomic profiling by mass spectrometry	TMT129C	NT=Q Exactive HF-X;AC=MS:1002877	NT=Trypsin;AC=MS:1001251;CS=(?<=[KR])(?!P)	NT=Carbamidomethyl;AC=UNIMOD:4;CF=H(3) C(2) N O;MM=57.021464;MT=Fixed;PP=Anywhere;TA=C	NT=Oxidation;AC=UNIMOD:35;MM=15.994915;MT=Variable;PP=Anywhere;TA=M	NT=TMT6plex;AC=UNIMOD:737;MT=Variable;PP=Anywhere;TA=K	NT=Acetyl;AC=UNIMOD:1;MT=Variable;PP=Protein N-term	NT=Data-dependent acquisition;AC=PRIDE:0000627	NT=HCD;AC=MS:1002481	32% NCE	10 ppm	0.02 Da	DTT	IAA	high-pH reversed-phase fractionation	6	1	2	sdrf-skills annotate v(this run)	HFX4_FFRA20H101801-1A.raw	v1.1.0	NT=ms-proteomics;VV=v1.1.0
HFX4_FFRA20H101801-1A.raw-TMT130N	Escherichia coli	Escherichia coli str. K-12 substr. W3110 N-15	yrdC reverse mutant	not applicable	not applicable	not applicable	37°C	1	run 52	proteomic profiling by mass spectrometry	TMT130N	NT=Q Exactive HF-X;AC=MS:1002877	NT=Trypsin;AC=MS:1001251;CS=(?<=[KR])(?!P)	NT=Carbamidomethyl;AC=UNIMOD:4;CF=H(3) C(2) N O;MM=57.021464;MT=Fixed;PP=Anywhere;TA=C	NT=Oxidation;AC=UNIMOD:35;MM=15.994915;MT=Variable;PP=Anywhere;TA=M	NT=TMT6plex;AC=UNIMOD:737;MT=Variable;PP=Anywhere;TA=K	NT=Acetyl;AC=UNIMOD:1;MT=Variable;PP=Protein N-term	NT=Data-dependent acquisition;AC=PRIDE:0000627	NT=HCD;AC=MS:1002481	32% NCE	10 ppm	0.02 Da	DTT	IAA	high-pH reversed-phase fractionation	6	1	2	sdrf-skills annotate v(this run)	HFX4_FFRA20H101801-1A.raw	v1.1.0	NT=ms-proteomics;VV=v1.1.0
HFX4_FFRA20H101801-1A.raw-TMT130C	Escherichia coli	Escherichia coli str. K-12 substr. W3110 N-15	yrdC reverse mutant	not applicable	not applicable	not applicable	37°C	2	run 53	proteomic profiling by mass spectrometry	TMT130C	NT=Q Exactive HF-X;AC=MS:1002877	NT=Trypsin;AC=MS:1001251;CS=(?<=[KR])(?!P)	NT=Carbamidomethyl;AC=UNIMOD:4;CF=H(3) C(2) N O;MM=57.021464;MT=Fixed;PP=Anywhere;TA=C	NT=Oxidation;AC=UNIMOD:35;MM=15.994915;MT=Variable;PP=Anywhere;TA=M	NT=TMT6plex;AC=UNIMOD:737;MT=Variable;PP=Anywhere;TA=K	NT=Acetyl;AC=UNIMOD:1;MT=Variable;PP=Protein N-term	NT=Data-dependent acquisition;AC=PRIDE:0000627	NT=HCD;AC=MS:1002481	32% NCE	10 ppm	0.02 Da	DTT	IAA	high-pH reversed-phase fractionation	6	1	2	sdrf-skills annotate v(this run)	HFX4_FFRA20H101801-1A.raw	v1.1.0	NT=ms-proteomics;VV=v1.1.0
HFX4_FFRA20H101801-1A.raw-TMT131	Escherichia coli	Escherichia coli str. K-12 substr. W3110 N-15	yrdC reverse mutant	not applicable	not applicable	not applicable	37°C	3	run 54	proteomic profiling by mass spectrometry	TMT131	NT=Q Exactive HF-X;AC=MS:1002877	NT=Trypsin;AC=MS:1001251;CS=(?<=[KR])(?!P)	NT=Carbamidomethyl;AC=UNIMOD:4;CF=H(3) C(2) N O;MM=57.021464;MT=Fixed;PP=Anywhere;TA=C	NT=Oxidation;AC=UNIMOD:35;MM=15.994915;MT=Variable;PP=Anywhere;TA=M	NT=TMT6plex;AC=UNIMOD:737;MT=Variable;PP=Anywhere;TA=K	NT=Acetyl;AC=UNIMOD:1;MT=Variable;PP=Protein N-term	NT=Data-dependent acquisition;AC=PRIDE:0000627	NT=HCD;AC=MS:1002481	32% NCE	10 ppm	0.02 Da	DTT	IAA	high-pH reversed-phase fractionation	6	1	2	sdrf-skills annotate v(this run)	HFX4_FFRA20H101801-1A.raw	v1.1.0	NT=ms-proteomics;VV=v1.1.0
HFX4_FFRA20H101802-1A.raw-TMT127N	Escherichia coli	Escherichia coli str. K-12 substr. W3110	wild type	not applicable	not applicable	not applicable	37°C	1	run 55	proteomic profiling by mass spectrometry	TMT127N	NT=Q Exactive HF-X;AC=MS:1002877	NT=Trypsin;AC=MS:1001251;CS=(?<=[KR])(?!P)	NT=Carbamidomethyl;AC=UNIMOD:4;CF=H(3) C(2) N O;MM=57.021464;MT=Fixed;PP=Anywhere;TA=C	NT=Oxidation;AC=UNIMOD:35;MM=15.994915;MT=Variable;PP=Anywhere;TA=M	NT=TMT6plex;AC=UNIMOD:737;MT=Variable;PP=Anywhere;TA=K	NT=Acetyl;AC=UNIMOD:1;MT=Variable;PP=Protein N-term	NT=Data-dependent acquisition;AC=PRIDE:0000627	NT=HCD;AC=MS:1002481	32% NCE	10 ppm	0.02 Da	DTT	IAA	high-pH reversed-phase fractionation	7	1	2	sdrf-skills annotate v(this run)	HFX4_FFRA20H101802-1A.raw	v1.1.0	NT=ms-proteomics;VV=v1.1.0
HFX4_FFRA20H101802-1A.raw-TMT127C	Escherichia coli	Escherichia coli str. K-12 substr. W3110	wild type	not applicable	not applicable	not applicable	37°C	2	run 56	proteomic profiling by mass spectrometry	TMT127C	NT=Q Exactive HF-X;AC=MS:1002877	NT=Trypsin;AC=MS:1001251;CS=(?<=[KR])(?!P)	NT=Carbamidomethyl;AC=UNIMOD:4;CF=H(3) C(2) N O;MM=57.021464;MT=Fixed;PP=Anywhere;TA=C	NT=Oxidation;AC=UNIMOD:35;MM=15.994915;MT=Variable;PP=Anywhere;TA=M	NT=TMT6plex;AC=UNIMOD:737;MT=Variable;PP=Anywhere;TA=K	NT=Acetyl;AC=UNIMOD:1;MT=Variable;PP=Protein N-term	NT=Data-dependent acquisition;AC=PRIDE:0000627	NT=HCD;AC=MS:1002481	32% NCE	10 ppm	0.02 Da	DTT	IAA	high-pH reversed-phase fractionation	7	1	2	sdrf-skills annotate v(this run)	HFX4_FFRA20H101802-1A.raw	v1.1.0	NT=ms-proteomics;VV=v1.1.0
HFX4_FFRA20H101802-1A.raw-TMT128N	Escherichia coli	Escherichia coli str. K-12 substr. W3110	wild type	not applicable	not applicable	not applicable	37°C	3	run 57	proteomic profiling by mass spectrometry	TMT128N	NT=Q Exactive HF-X;AC=MS:1002877	NT=Trypsin;AC=MS:1001251;CS=(?<=[KR])(?!P)	NT=Carbamidomethyl;AC=UNIMOD:4;CF=H(3) C(2) N O;MM=57.021464;MT=Fixed;PP=Anywhere;TA=C	NT=Oxidation;AC=UNIMOD:35;MM=15.994915;MT=Variable;PP=Anywhere;TA=M	NT=TMT6plex;AC=UNIMOD:737;MT=Variable;PP=Anywhere;TA=K	NT=Acetyl;AC=UNIMOD:1;MT=Variable;PP=Protein N-term	NT=Data-dependent acquisition;AC=PRIDE:0000627	NT=HCD;AC=MS:1002481	32% NCE	10 ppm	0.02 Da	DTT	IAA	high-pH reversed-phase fractionation	7	1	2	sdrf-skills annotate v(this run)	HFX4_FFRA20H101802-1A.raw	v1.1.0	NT=ms-proteomics;VV=v1.1.0
HFX4_FFRA20H101802-1A.raw-TMT128C	Escherichia coli	Escherichia coli str. K-12 substr. W3110 delta-glyA	glyA deletion mutant	not applicable	not applicable	not applicable	37°C	1	run 58	proteomic profiling by mass spectrometry	TMT128C	NT=Q Exactive HF-X;AC=MS:1002877	NT=Trypsin;AC=MS:1001251;CS=(?<=[KR])(?!P)	NT=Carbamidomethyl;AC=UNIMOD:4;CF=H(3) C(2) N O;MM=57.021464;MT=Fixed;PP=Anywhere;TA=C	NT=Oxidation;AC=UNIMOD:35;MM=15.994915;MT=Variable;PP=Anywhere;TA=M	NT=TMT6plex;AC=UNIMOD:737;MT=Variable;PP=Anywhere;TA=K	NT=Acetyl;AC=UNIMOD:1;MT=Variable;PP=Protein N-term	NT=Data-dependent acquisition;AC=PRIDE:0000627	NT=HCD;AC=MS:1002481	32% NCE	10 ppm	0.02 Da	DTT	IAA	high-pH reversed-phase fractionation	7	1	2	sdrf-skills annotate v(this run)	HFX4_FFRA20H101802-1A.raw	v1.1.0	NT=ms-proteomics;VV=v1.1.0
HFX4_FFRA20H101802-1A.raw-TMT129N	Escherichia coli	Escherichia coli str. K-12 substr. W3110 delta-glyA	glyA deletion mutant	not applicable	not applicable	not applicable	37°C	2	run 59	proteomic profiling by mass spectrometry	TMT129N	NT=Q Exactive HF-X;AC=MS:1002877	NT=Trypsin;AC=MS:1001251;CS=(?<=[KR])(?!P)	NT=Carbamidomethyl;AC=UNIMOD:4;CF=H(3) C(2) N O;MM=57.021464;MT=Fixed;PP=Anywhere;TA=C	NT=Oxidation;AC=UNIMOD:35;MM=15.994915;MT=Variable;PP=Anywhere;TA=M	NT=TMT6plex;AC=UNIMOD:737;MT=Variable;PP=Anywhere;TA=K	NT=Acetyl;AC=UNIMOD:1;MT=Variable;PP=Protein N-term	NT=Data-dependent acquisition;AC=PRIDE:0000627	NT=HCD;AC=MS:1002481	32% NCE	10 ppm	0.02 Da	DTT	IAA	high-pH reversed-phase fractionation	7	1	2	sdrf-skills annotate v(this run)	HFX4_FFRA20H101802-1A.raw	v1.1.0	NT=ms-proteomics;VV=v1.1.0
HFX4_FFRA20H101802-1A.raw-TMT129C	Escherichia coli	Escherichia coli str. K-12 substr. W3110 delta-glyA	glyA deletion mutant	not applicable	not applicable	not applicable	37°C	3	run 60	proteomic profiling by mass spectrometry	TMT129C	NT=Q Exactive HF-X;AC=MS:1002877	NT=Trypsin;AC=MS:1001251;CS=(?<=[KR])(?!P)	NT=Carbamidomethyl;AC=UNIMOD:4;CF=H(3) C(2) N O;MM=57.021464;MT=Fixed;PP=Anywhere;TA=C	NT=Oxidation;AC=UNIMOD:35;MM=15.994915;MT=Variable;PP=Anywhere;TA=M	NT=TMT6plex;AC=UNIMOD:737;MT=Variable;PP=Anywhere;TA=K	NT=Acetyl;AC=UNIMOD:1;MT=Variable;PP=Protein N-term	NT=Data-dependent acquisition;AC=PRIDE:0000627	NT=HCD;AC=MS:1002481	32% NCE	10 ppm	0.02 Da	DTT	IAA	high-pH reversed-phase fractionation	7	1	2	sdrf-skills annotate v(this run)	HFX4_FFRA20H101802-1A.raw	v1.1.0	NT=ms-proteomics;VV=v1.1.0
HFX4_FFRA20H101802-1A.raw-TMT130N	Escherichia coli	Escherichia coli str. K-12 substr. W3110 N-15	yrdC reverse mutant	not applicable	not applicable	not applicable	37°C	1	run 61	proteomic profiling by mass spectrometry	TMT130N	NT=Q Exactive HF-X;AC=MS:1002877	NT=Trypsin;AC=MS:1001251;CS=(?<=[KR])(?!P)	NT=Carbamidomethyl;AC=UNIMOD:4;CF=H(3) C(2) N O;MM=57.021464;MT=Fixed;PP=Anywhere;TA=C	NT=Oxidation;AC=UNIMOD:35;MM=15.994915;MT=Variable;PP=Anywhere;TA=M	NT=TMT6plex;AC=UNIMOD:737;MT=Variable;PP=Anywhere;TA=K	NT=Acetyl;AC=UNIMOD:1;MT=Variable;PP=Protein N-term	NT=Data-dependent acquisition;AC=PRIDE:0000627	NT=HCD;AC=MS:1002481	32% NCE	10 ppm	0.02 Da	DTT	IAA	high-pH reversed-phase fractionation	7	1	2	sdrf-skills annotate v(this run)	HFX4_FFRA20H101802-1A.raw	v1.1.0	NT=ms-proteomics;VV=v1.1.0
HFX4_FFRA20H101802-1A.raw-TMT130C	Escherichia coli	Escherichia coli str. K-12 substr. W3110 N-15	yrdC reverse mutant	not applicable	not applicable	not applicable	37°C	2	run 62	proteomic profiling by mass spectrometry	TMT130C	NT=Q Exactive HF-X;AC=MS:1002877	NT=Trypsin;AC=MS:1001251;CS=(?<=[KR])(?!P)	NT=Carbamidomethyl;AC=UNIMOD:4;CF=H(3) C(2) N O;MM=57.021464;MT=Fixed;PP=Anywhere;TA=C	NT=Oxidation;AC=UNIMOD:35;MM=15.994915;MT=Variable;PP=Anywhere;TA=M	NT=TMT6plex;AC=UNIMOD:737;MT=Variable;PP=Anywhere;TA=K	NT=Acetyl;AC=UNIMOD:1;MT=Variable;PP=Protein N-term	NT=Data-dependent acquisition;AC=PRIDE:0000627	NT=HCD;AC=MS:1002481	32% NCE	10 ppm	0.02 Da	DTT	IAA	high-pH reversed-phase fractionation	7	1	2	sdrf-skills annotate v(this run)	HFX4_FFRA20H101802-1A.raw	v1.1.0	NT=ms-proteomics;VV=v1.1.0
HFX4_FFRA20H101802-1A.raw-TMT131	Escherichia coli	Escherichia coli str. K-12 substr. W3110 N-15	yrdC reverse mutant	not applicable	not applicable	not applicable	37°C	3	run 63	proteomic profiling by mass spectrometry	TMT131	NT=Q Exactive HF-X;AC=MS:1002877	NT=Trypsin;AC=MS:1001251;CS=(?<=[KR])(?!P)	NT=Carbamidomethyl;AC=UNIMOD:4;CF=H(3) C(2) N O;MM=57.021464;MT=Fixed;PP=Anywhere;TA=C	NT=Oxidation;AC=UNIMOD:35;MM=15.994915;MT=Variable;PP=Anywhere;TA=M	NT=TMT6plex;AC=UNIMOD:737;MT=Variable;PP=Anywhere;TA=K	NT=Acetyl;AC=UNIMOD:1;MT=Variable;PP=Protein N-term	NT=Data-dependent acquisition;AC=PRIDE:0000627	NT=HCD;AC=MS:1002481	32% NCE	10 ppm	0.02 Da	DTT	IAA	high-pH reversed-phase fractionation	7	1	2	sdrf-skills annotate v(this run)	HFX4_FFRA20H101802-1A.raw	v1.1.0	NT=ms-proteomics;VV=v1.1.0
HFX4_FFRA20H101803-1A.raw-TMT127N	Escherichia coli	Escherichia coli str. K-12 substr. W3110	wild type	not applicable	not applicable	not applicable	37°C	1	run 64	proteomic profiling by mass spectrometry	TMT127N	NT=Q Exactive HF-X;AC=MS:1002877	NT=Trypsin;AC=MS:1001251;CS=(?<=[KR])(?!P)	NT=Carbamidomethyl;AC=UNIMOD:4;CF=H(3) C(2) N O;MM=57.021464;MT=Fixed;PP=Anywhere;TA=C	NT=Oxidation;AC=UNIMOD:35;MM=15.994915;MT=Variable;PP=Anywhere;TA=M	NT=TMT6plex;AC=UNIMOD:737;MT=Variable;PP=Anywhere;TA=K	NT=Acetyl;AC=UNIMOD:1;MT=Variable;PP=Protein N-term	NT=Data-dependent acquisition;AC=PRIDE:0000627	NT=HCD;AC=MS:1002481	32% NCE	10 ppm	0.02 Da	DTT	IAA	high-pH reversed-phase fractionation	8	1	2	sdrf-skills annotate v(this run)	HFX4_FFRA20H101803-1A.raw	v1.1.0	NT=ms-proteomics;VV=v1.1.0
HFX4_FFRA20H101803-1A.raw-TMT127C	Escherichia coli	Escherichia coli str. K-12 substr. W3110	wild type	not applicable	not applicable	not applicable	37°C	2	run 65	proteomic profiling by mass spectrometry	TMT127C	NT=Q Exactive HF-X;AC=MS:1002877	NT=Trypsin;AC=MS:1001251;CS=(?<=[KR])(?!P)	NT=Carbamidomethyl;AC=UNIMOD:4;CF=H(3) C(2) N O;MM=57.021464;MT=Fixed;PP=Anywhere;TA=C	NT=Oxidation;AC=UNIMOD:35;MM=15.994915;MT=Variable;PP=Anywhere;TA=M	NT=TMT6plex;AC=UNIMOD:737;MT=Variable;PP=Anywhere;TA=K	NT=Acetyl;AC=UNIMOD:1;MT=Variable;PP=Protein N-term	NT=Data-dependent acquisition;AC=PRIDE:0000627	NT=HCD;AC=MS:1002481	32% NCE	10 ppm	0.02 Da	DTT	IAA	high-pH reversed-phase fractionation	8	1	2	sdrf-skills annotate v(this run)	HFX4_FFRA20H101803-1A.raw	v1.1.0	NT=ms-proteomics;VV=v1.1.0
HFX4_FFRA20H101803-1A.raw-TMT128N	Escherichia coli	Escherichia coli str. K-12 substr. W3110	wild type	not applicable	not applicable	not applicable	37°C	3	run 66	proteomic profiling by mass spectrometry	TMT128N	NT=Q Exactive HF-X;AC=MS:1002877	NT=Trypsin;AC=MS:1001251;CS=(?<=[KR])(?!P)	NT=Carbamidomethyl;AC=UNIMOD:4;CF=H(3) C(2) N O;MM=57.021464;MT=Fixed;PP=Anywhere;TA=C	NT=Oxidation;AC=UNIMOD:35;MM=15.994915;MT=Variable;PP=Anywhere;TA=M	NT=TMT6plex;AC=UNIMOD:737;MT=Variable;PP=Anywhere;TA=K	NT=Acetyl;AC=UNIMOD:1;MT=Variable;PP=Protein N-term	NT=Data-dependent acquisition;AC=PRIDE:0000627	NT=HCD;AC=MS:1002481	32% NCE	10 ppm	0.02 Da	DTT	IAA	high-pH reversed-phase fractionation	8	1	2	sdrf-skills annotate v(this run)	HFX4_FFRA20H101803-1A.raw	v1.1.0	NT=ms-proteomics;VV=v1.1.0
HFX4_FFRA20H101803-1A.raw-TMT128C	Escherichia coli	Escherichia coli str. K-12 substr. W3110 delta-glyA	glyA deletion mutant	not applicable	not applicable	not applicable	37°C	1	run 67	proteomic profiling by mass spectrometry	TMT128C	NT=Q Exactive HF-X;AC=MS:1002877	NT=Trypsin;AC=MS:1001251;CS=(?<=[KR])(?!P)	NT=Carbamidomethyl;AC=UNIMOD:4;CF=H(3) C(2) N O;MM=57.021464;MT=Fixed;PP=Anywhere;TA=C	NT=Oxidation;AC=UNIMOD:35;MM=15.994915;MT=Variable;PP=Anywhere;TA=M	NT=TMT6plex;AC=UNIMOD:737;MT=Variable;PP=Anywhere;TA=K	NT=Acetyl;AC=UNIMOD:1;MT=Variable;PP=Protein N-term	NT=Data-dependent acquisition;AC=PRIDE:0000627	NT=HCD;AC=MS:1002481	32% NCE	10 ppm	0.02 Da	DTT	IAA	high-pH reversed-phase fractionation	8	1	2	sdrf-skills annotate v(this run)	HFX4_FFRA20H101803-1A.raw	v1.1.0	NT=ms-proteomics;VV=v1.1.0
HFX4_FFRA20H101803-1A.raw-TMT129N	Escherichia coli	Escherichia coli str. K-12 substr. W3110 delta-glyA	glyA deletion mutant	not applicable	not applicable	not applicable	37°C	2	run 68	proteomic profiling by mass spectrometry	TMT129N	NT=Q Exactive HF-X;AC=MS:1002877	NT=Trypsin;AC=MS:1001251;CS=(?<=[KR])(?!P)	NT=Carbamidomethyl;AC=UNIMOD:4;CF=H(3) C(2) N O;MM=57.021464;MT=Fixed;PP=Anywhere;TA=C	NT=Oxidation;AC=UNIMOD:35;MM=15.994915;MT=Variable;PP=Anywhere;TA=M	NT=TMT6plex;AC=UNIMOD:737;MT=Variable;PP=Anywhere;TA=K	NT=Acetyl;AC=UNIMOD:1;MT=Variable;PP=Protein N-term	NT=Data-dependent acquisition;AC=PRIDE:0000627	NT=HCD;AC=MS:1002481	32% NCE	10 ppm	0.02 Da	DTT	IAA	high-pH reversed-phase fractionation	8	1	2	sdrf-skills annotate v(this run)	HFX4_FFRA20H101803-1A.raw	v1.1.0	NT=ms-proteomics;VV=v1.1.0
HFX4_FFRA20H101803-1A.raw-TMT129C	Escherichia coli	Escherichia coli str. K-12 substr. W3110 delta-glyA	glyA deletion mutant	not applicable	not applicable	not applicable	37°C	3	run 69	proteomic profiling by mass spectrometry	TMT129C	NT=Q Exactive HF-X;AC=MS:1002877	NT=Trypsin;AC=MS:1001251;CS=(?<=[KR])(?!P)	NT=Carbamidomethyl;AC=UNIMOD:4;CF=H(3) C(2) N O;MM=57.021464;MT=Fixed;PP=Anywhere;TA=C	NT=Oxidation;AC=UNIMOD:35;MM=15.994915;MT=Variable;PP=Anywhere;TA=M	NT=TMT6plex;AC=UNIMOD:737;MT=Variable;PP=Anywhere;TA=K	NT=Acetyl;AC=UNIMOD:1;MT=Variable;PP=Protein N-term	NT=Data-dependent acquisition;AC=PRIDE:0000627	NT=HCD;AC=MS:1002481	32% NCE	10 ppm	0.02 Da	DTT	IAA	high-pH reversed-phase fractionation	8	1	2	sdrf-skills annotate v(this run)	HFX4_FFRA20H101803-1A.raw	v1.1.0	NT=ms-proteomics;VV=v1.1.0
HFX4_FFRA20H101803-1A.raw-TMT130N	Escherichia coli	Escherichia coli str. K-12 substr. W3110 N-15	yrdC reverse mutant	not applicable	not applicable	not applicable	37°C	1	run 70	proteomic profiling by mass spectrometry	TMT130N	NT=Q Exactive HF-X;AC=MS:1002877	NT=Trypsin;AC=MS:1001251;CS=(?<=[KR])(?!P)	NT=Carbamidomethyl;AC=UNIMOD:4;CF=H(3) C(2) N O;MM=57.021464;MT=Fixed;PP=Anywhere;TA=C	NT=Oxidation;AC=UNIMOD:35;MM=15.994915;MT=Variable;PP=Anywhere;TA=M	NT=TMT6plex;AC=UNIMOD:737;MT=Variable;PP=Anywhere;TA=K	NT=Acetyl;AC=UNIMOD:1;MT=Variable;PP=Protein N-term	NT=Data-dependent acquisition;AC=PRIDE:0000627	NT=HCD;AC=MS:1002481	32% NCE	10 ppm	0.02 Da	DTT	IAA	high-pH reversed-phase fractionation	8	1	2	sdrf-skills annotate v(this run)	HFX4_FFRA20H101803-1A.raw	v1.1.0	NT=ms-proteomics;VV=v1.1.0
HFX4_FFRA20H101803-1A.raw-TMT130C	Escherichia coli	Escherichia coli str. K-12 substr. W3110 N-15	yrdC reverse mutant	not applicable	not applicable	not applicable	37°C	2	run 71	proteomic profiling by mass spectrometry	TMT130C	NT=Q Exactive HF-X;AC=MS:1002877	NT=Trypsin;AC=MS:1001251;CS=(?<=[KR])(?!P)	NT=Carbamidomethyl;AC=UNIMOD:4;CF=H(3) C(2) N O;MM=57.021464;MT=Fixed;PP=Anywhere;TA=C	NT=Oxidation;AC=UNIMOD:35;MM=15.994915;MT=Variable;PP=Anywhere;TA=M	NT=TMT6plex;AC=UNIMOD:737;MT=Variable;PP=Anywhere;TA=K	NT=Acetyl;AC=UNIMOD:1;MT=Variable;PP=Protein N-term	NT=Data-dependent acquisition;AC=PRIDE:0000627	NT=HCD;AC=MS:1002481	32% NCE	10 ppm	0.02 Da	DTT	IAA	high-pH reversed-phase fractionation	8	1	2	sdrf-skills annotate v(this run)	HFX4_FFRA20H101803-1A.raw	v1.1.0	NT=ms-proteomics;VV=v1.1.0
HFX4_FFRA20H101803-1A.raw-TMT131	Escherichia coli	Escherichia coli str. K-12 substr. W3110 N-15	yrdC reverse mutant	not applicable	not applicable	not applicable	37°C	3	run 72	proteomic profiling by mass spectrometry	TMT131	NT=Q Exactive HF-X;AC=MS:1002877	NT=Trypsin;AC=MS:1001251;CS=(?<=[KR])(?!P)	NT=Carbamidomethyl;AC=UNIMOD:4;CF=H(3) C(2) N O;MM=57.021464;MT=Fixed;PP=Anywhere;TA=C	NT=Oxidation;AC=UNIMOD:35;MM=15.994915;MT=Variable;PP=Anywhere;TA=M	NT=TMT6plex;AC=UNIMOD:737;MT=Variable;PP=Anywhere;TA=K	NT=Acetyl;AC=UNIMOD:1;MT=Variable;PP=Protein N-term	NT=Data-dependent acquisition;AC=PRIDE:0000627	NT=HCD;AC=MS:1002481	32% NCE	10 ppm	0.02 Da	DTT	IAA	high-pH reversed-phase fractionation	8	1	2	sdrf-skills annotate v(this run)	HFX4_FFRA20H101803-1A.raw	v1.1.0	NT=ms-proteomics;VV=v1.1.0
HFX4_FFRA20H101804-1A.raw-TMT127N	Escherichia coli	Escherichia coli str. K-12 substr. W3110	wild type	not applicable	not applicable	not applicable	37°C	1	run 73	proteomic profiling by mass spectrometry	TMT127N	NT=Q Exactive HF-X;AC=MS:1002877	NT=Trypsin;AC=MS:1001251;CS=(?<=[KR])(?!P)	NT=Carbamidomethyl;AC=UNIMOD:4;CF=H(3) C(2) N O;MM=57.021464;MT=Fixed;PP=Anywhere;TA=C	NT=Oxidation;AC=UNIMOD:35;MM=15.994915;MT=Variable;PP=Anywhere;TA=M	NT=TMT6plex;AC=UNIMOD:737;MT=Variable;PP=Anywhere;TA=K	NT=Acetyl;AC=UNIMOD:1;MT=Variable;PP=Protein N-term	NT=Data-dependent acquisition;AC=PRIDE:0000627	NT=HCD;AC=MS:1002481	32% NCE	10 ppm	0.02 Da	DTT	IAA	high-pH reversed-phase fractionation	9	1	2	sdrf-skills annotate v(this run)	HFX4_FFRA20H101804-1A.raw	v1.1.0	NT=ms-proteomics;VV=v1.1.0
HFX4_FFRA20H101804-1A.raw-TMT127C	Escherichia coli	Escherichia coli str. K-12 substr. W3110	wild type	not applicable	not applicable	not applicable	37°C	2	run 74	proteomic profiling by mass spectrometry	TMT127C	NT=Q Exactive HF-X;AC=MS:1002877	NT=Trypsin;AC=MS:1001251;CS=(?<=[KR])(?!P)	NT=Carbamidomethyl;AC=UNIMOD:4;CF=H(3) C(2) N O;MM=57.021464;MT=Fixed;PP=Anywhere;TA=C	NT=Oxidation;AC=UNIMOD:35;MM=15.994915;MT=Variable;PP=Anywhere;TA=M	NT=TMT6plex;AC=UNIMOD:737;MT=Variable;PP=Anywhere;TA=K	NT=Acetyl;AC=UNIMOD:1;MT=Variable;PP=Protein N-term	NT=Data-dependent acquisition;AC=PRIDE:0000627	NT=HCD;AC=MS:1002481	32% NCE	10 ppm	0.02 Da	DTT	IAA	high-pH reversed-phase fractionation	9	1	2	sdrf-skills annotate v(this run)	HFX4_FFRA20H101804-1A.raw	v1.1.0	NT=ms-proteomics;VV=v1.1.0
HFX4_FFRA20H101804-1A.raw-TMT128N	Escherichia coli	Escherichia coli str. K-12 substr. W3110	wild type	not applicable	not applicable	not applicable	37°C	3	run 75	proteomic profiling by mass spectrometry	TMT128N	NT=Q Exactive HF-X;AC=MS:1002877	NT=Trypsin;AC=MS:1001251;CS=(?<=[KR])(?!P)	NT=Carbamidomethyl;AC=UNIMOD:4;CF=H(3) C(2) N O;MM=57.021464;MT=Fixed;PP=Anywhere;TA=C	NT=Oxidation;AC=UNIMOD:35;MM=15.994915;MT=Variable;PP=Anywhere;TA=M	NT=TMT6plex;AC=UNIMOD:737;MT=Variable;PP=Anywhere;TA=K	NT=Acetyl;AC=UNIMOD:1;MT=Variable;PP=Protein N-term	NT=Data-dependent acquisition;AC=PRIDE:0000627	NT=HCD;AC=MS:1002481	32% NCE	10 ppm	0.02 Da	DTT	IAA	high-pH reversed-phase fractionation	9	1	2	sdrf-skills annotate v(this run)	HFX4_FFRA20H101804-1A.raw	v1.1.0	NT=ms-proteomics;VV=v1.1.0
HFX4_FFRA20H101804-1A.raw-TMT128C	Escherichia coli	Escherichia coli str. K-12 substr. W3110 delta-glyA	glyA deletion mutant	not applicable	not applicable	not applicable	37°C	1	run 76	proteomic profiling by mass spectrometry	TMT128C	NT=Q Exactive HF-X;AC=MS:1002877	NT=Trypsin;AC=MS:1001251;CS=(?<=[KR])(?!P)	NT=Carbamidomethyl;AC=UNIMOD:4;CF=H(3) C(2) N O;MM=57.021464;MT=Fixed;PP=Anywhere;TA=C	NT=Oxidation;AC=UNIMOD:35;MM=15.994915;MT=Variable;PP=Anywhere;TA=M	NT=TMT6plex;AC=UNIMOD:737;MT=Variable;PP=Anywhere;TA=K	NT=Acetyl;AC=UNIMOD:1;MT=Variable;PP=Protein N-term	NT=Data-dependent acquisition;AC=PRIDE:0000627	NT=HCD;AC=MS:1002481	32% NCE	10 ppm	0.02 Da	DTT	IAA	high-pH reversed-phase fractionation	9	1	2	sdrf-skills annotate v(this run)	HFX4_FFRA20H101804-1A.raw	v1.1.0	NT=ms-proteomics;VV=v1.1.0
HFX4_FFRA20H101804-1A.raw-TMT129N	Escherichia coli	Escherichia coli str. K-12 substr. W3110 delta-glyA	glyA deletion mutant	not applicable	not applicable	not applicable	37°C	2	run 77	proteomic profiling by mass spectrometry	TMT129N	NT=Q Exactive HF-X;AC=MS:1002877	NT=Trypsin;AC=MS:1001251;CS=(?<=[KR])(?!P)	NT=Carbamidomethyl;AC=UNIMOD:4;CF=H(3) C(2) N O;MM=57.021464;MT=Fixed;PP=Anywhere;TA=C	NT=Oxidation;AC=UNIMOD:35;MM=15.994915;MT=Variable;PP=Anywhere;TA=M	NT=TMT6plex;AC=UNIMOD:737;MT=Variable;PP=Anywhere;TA=K	NT=Acetyl;AC=UNIMOD:1;MT=Variable;PP=Protein N-term	NT=Data-dependent acquisition;AC=PRIDE:0000627	NT=HCD;AC=MS:1002481	32% NCE	10 ppm	0.02 Da	DTT	IAA	high-pH reversed-phase fractionation	9	1	2	sdrf-skills annotate v(this run)	HFX4_FFRA20H101804-1A.raw	v1.1.0	NT=ms-proteomics;VV=v1.1.0
HFX4_FFRA20H101804-1A.raw-TMT129C	Escherichia coli	Escherichia coli str. K-12 substr. W3110 delta-glyA	glyA deletion mutant	not applicable	not applicable	not applicable	37°C	3	run 78	proteomic profiling by mass spectrometry	TMT129C	NT=Q Exactive HF-X;AC=MS:1002877	NT=Trypsin;AC=MS:1001251;CS=(?<=[KR])(?!P)	NT=Carbamidomethyl;AC=UNIMOD:4;CF=H(3) C(2) N O;MM=57.021464;MT=Fixed;PP=Anywhere;TA=C	NT=Oxidation;AC=UNIMOD:35;MM=15.994915;MT=Variable;PP=Anywhere;TA=M	NT=TMT6plex;AC=UNIMOD:737;MT=Variable;PP=Anywhere;TA=K	NT=Acetyl;AC=UNIMOD:1;MT=Variable;PP=Protein N-term	NT=Data-dependent acquisition;AC=PRIDE:0000627	NT=HCD;AC=MS:1002481	32% NCE	10 ppm	0.02 Da	DTT	IAA	high-pH reversed-phase fractionation	9	1	2	sdrf-skills annotate v(this run)	HFX4_FFRA20H101804-1A.raw	v1.1.0	NT=ms-proteomics;VV=v1.1.0
HFX4_FFRA20H101804-1A.raw-TMT130N	Escherichia coli	Escherichia coli str. K-12 substr. W3110 N-15	yrdC reverse mutant	not applicable	not applicable	not applicable	37°C	1	run 79	proteomic profiling by mass spectrometry	TMT130N	NT=Q Exactive HF-X;AC=MS:1002877	NT=Trypsin;AC=MS:1001251;CS=(?<=[KR])(?!P)	NT=Carbamidomethyl;AC=UNIMOD:4;CF=H(3) C(2) N O;MM=57.021464;MT=Fixed;PP=Anywhere;TA=C	NT=Oxidation;AC=UNIMOD:35;MM=15.994915;MT=Variable;PP=Anywhere;TA=M	NT=TMT6plex;AC=UNIMOD:737;MT=Variable;PP=Anywhere;TA=K	NT=Acetyl;AC=UNIMOD:1;MT=Variable;PP=Protein N-term	NT=Data-dependent acquisition;AC=PRIDE:0000627	NT=HCD;AC=MS:1002481	32% NCE	10 ppm	0.02 Da	DTT	IAA	high-pH reversed-phase fractionation	9	1	2	sdrf-skills annotate v(this run)	HFX4_FFRA20H101804-1A.raw	v1.1.0	NT=ms-proteomics;VV=v1.1.0
HFX4_FFRA20H101804-1A.raw-TMT130C	Escherichia coli	Escherichia coli str. K-12 substr. W3110 N-15	yrdC reverse mutant	not applicable	not applicable	not applicable	37°C	2	run 80	proteomic profiling by mass spectrometry	TMT130C	NT=Q Exactive HF-X;AC=MS:1002877	NT=Trypsin;AC=MS:1001251;CS=(?<=[KR])(?!P)	NT=Carbamidomethyl;AC=UNIMOD:4;CF=H(3) C(2) N O;MM=57.021464;MT=Fixed;PP=Anywhere;TA=C	NT=Oxidation;AC=UNIMOD:35;MM=15.994915;MT=Variable;PP=Anywhere;TA=M	NT=TMT6plex;AC=UNIMOD:737;MT=Variable;PP=Anywhere;TA=K	NT=Acetyl;AC=UNIMOD:1;MT=Variable;PP=Protein N-term	NT=Data-dependent acquisition;AC=PRIDE:0000627	NT=HCD;AC=MS:1002481	32% NCE	10 ppm	0.02 Da	DTT	IAA	high-pH reversed-phase fractionation	9	1	2	sdrf-skills annotate v(this run)	HFX4_FFRA20H101804-1A.raw	v1.1.0	NT=ms-proteomics;VV=v1.1.0
HFX4_FFRA20H101804-1A.raw-TMT131	Escherichia coli	Escherichia coli str. K-12 substr. W3110 N-15	yrdC reverse mutant	not applicable	not applicable	not applicable	37°C	3	run 81	proteomic profiling by mass spectrometry	TMT131	NT=Q Exactive HF-X;AC=MS:1002877	NT=Trypsin;AC=MS:1001251;CS=(?<=[KR])(?!P)	NT=Carbamidomethyl;AC=UNIMOD:4;CF=H(3) C(2) N O;MM=57.021464;MT=Fixed;PP=Anywhere;TA=C	NT=Oxidation;AC=UNIMOD:35;MM=15.994915;MT=Variable;PP=Anywhere;TA=M	NT=TMT6plex;AC=UNIMOD:737;MT=Variable;PP=Anywhere;TA=K	NT=Acetyl;AC=UNIMOD:1;MT=Variable;PP=Protein N-term	NT=Data-dependent acquisition;AC=PRIDE:0000627	NT=HCD;AC=MS:1002481	32% NCE	10 ppm	0.02 Da	DTT	IAA	high-pH reversed-phase fractionation	9	1	2	sdrf-skills annotate v(this run)	HFX4_FFRA20H101804-1A.raw	v1.1.0	NT=ms-proteomics;VV=v1.1.0
HFX4_FFRA20H101805-1A.raw-TMT127N	Escherichia coli	Escherichia coli str. K-12 substr. W3110	wild type	not applicable	not applicable	not applicable	37°C	1	run 82	proteomic profiling by mass spectrometry	TMT127N	NT=Q Exactive HF-X;AC=MS:1002877	NT=Trypsin;AC=MS:1001251;CS=(?<=[KR])(?!P)	NT=Carbamidomethyl;AC=UNIMOD:4;CF=H(3) C(2) N O;MM=57.021464;MT=Fixed;PP=Anywhere;TA=C	NT=Oxidation;AC=UNIMOD:35;MM=15.994915;MT=Variable;PP=Anywhere;TA=M	NT=TMT6plex;AC=UNIMOD:737;MT=Variable;PP=Anywhere;TA=K	NT=Acetyl;AC=UNIMOD:1;MT=Variable;PP=Protein N-term	NT=Data-dependent acquisition;AC=PRIDE:0000627	NT=HCD;AC=MS:1002481	32% NCE	10 ppm	0.02 Da	DTT	IAA	high-pH reversed-phase fractionation	10	1	2	sdrf-skills annotate v(this run)	HFX4_FFRA20H101805-1A.raw	v1.1.0	NT=ms-proteomics;VV=v1.1.0
HFX4_FFRA20H101805-1A.raw-TMT127C	Escherichia coli	Escherichia coli str. K-12 substr. W3110	wild type	not applicable	not applicable	not applicable	37°C	2	run 83	proteomic profiling by mass spectrometry	TMT127C	NT=Q Exactive HF-X;AC=MS:1002877	NT=Trypsin;AC=MS:1001251;CS=(?<=[KR])(?!P)	NT=Carbamidomethyl;AC=UNIMOD:4;CF=H(3) C(2) N O;MM=57.021464;MT=Fixed;PP=Anywhere;TA=C	NT=Oxidation;AC=UNIMOD:35;MM=15.994915;MT=Variable;PP=Anywhere;TA=M	NT=TMT6plex;AC=UNIMOD:737;MT=Variable;PP=Anywhere;TA=K	NT=Acetyl;AC=UNIMOD:1;MT=Variable;PP=Protein N-term	NT=Data-dependent acquisition;AC=PRIDE:0000627	NT=HCD;AC=MS:1002481	32% NCE	10 ppm	0.02 Da	DTT	IAA	high-pH reversed-phase fractionation	10	1	2	sdrf-skills annotate v(this run)	HFX4_FFRA20H101805-1A.raw	v1.1.0	NT=ms-proteomics;VV=v1.1.0
HFX4_FFRA20H101805-1A.raw-TMT128N	Escherichia coli	Escherichia coli str. K-12 substr. W3110	wild type	not applicable	not applicable	not applicable	37°C	3	run 84	proteomic profiling by mass spectrometry	TMT128N	NT=Q Exactive HF-X;AC=MS:1002877	NT=Trypsin;AC=MS:1001251;CS=(?<=[KR])(?!P)	NT=Carbamidomethyl;AC=UNIMOD:4;CF=H(3) C(2) N O;MM=57.021464;MT=Fixed;PP=Anywhere;TA=C	NT=Oxidation;AC=UNIMOD:35;MM=15.994915;MT=Variable;PP=Anywhere;TA=M	NT=TMT6plex;AC=UNIMOD:737;MT=Variable;PP=Anywhere;TA=K	NT=Acetyl;AC=UNIMOD:1;MT=Variable;PP=Protein N-term	NT=Data-dependent acquisition;AC=PRIDE:0000627	NT=HCD;AC=MS:1002481	32% NCE	10 ppm	0.02 Da	DTT	IAA	high-pH reversed-phase fractionation	10	1	2	sdrf-skills annotate v(this run)	HFX4_FFRA20H101805-1A.raw	v1.1.0	NT=ms-proteomics;VV=v1.1.0
HFX4_FFRA20H101805-1A.raw-TMT128C	Escherichia coli	Escherichia coli str. K-12 substr. W3110 delta-glyA	glyA deletion mutant	not applicable	not applicable	not applicable	37°C	1	run 85	proteomic profiling by mass spectrometry	TMT128C	NT=Q Exactive HF-X;AC=MS:1002877	NT=Trypsin;AC=MS:1001251;CS=(?<=[KR])(?!P)	NT=Carbamidomethyl;AC=UNIMOD:4;CF=H(3) C(2) N O;MM=57.021464;MT=Fixed;PP=Anywhere;TA=C	NT=Oxidation;AC=UNIMOD:35;MM=15.994915;MT=Variable;PP=Anywhere;TA=M	NT=TMT6plex;AC=UNIMOD:737;MT=Variable;PP=Anywhere;TA=K	NT=Acetyl;AC=UNIMOD:1;MT=Variable;PP=Protein N-term	NT=Data-dependent acquisition;AC=PRIDE:0000627	NT=HCD;AC=MS:1002481	32% NCE	10 ppm	0.02 Da	DTT	IAA	high-pH reversed-phase fractionation	10	1	2	sdrf-skills annotate v(this run)	HFX4_FFRA20H101805-1A.raw	v1.1.0	NT=ms-proteomics;VV=v1.1.0
HFX4_FFRA20H101805-1A.raw-TMT129N	Escherichia coli	Escherichia coli str. K-12 substr. W3110 delta-glyA	glyA deletion mutant	not applicable	not applicable	not applicable	37°C	2	run 86	proteomic profiling by mass spectrometry	TMT129N	NT=Q Exactive HF-X;AC=MS:1002877	NT=Trypsin;AC=MS:1001251;CS=(?<=[KR])(?!P)	NT=Carbamidomethyl;AC=UNIMOD:4;CF=H(3) C(2) N O;MM=57.021464;MT=Fixed;PP=Anywhere;TA=C	NT=Oxidation;AC=UNIMOD:35;MM=15.994915;MT=Variable;PP=Anywhere;TA=M	NT=TMT6plex;AC=UNIMOD:737;MT=Variable;PP=Anywhere;TA=K	NT=Acetyl;AC=UNIMOD:1;MT=Variable;PP=Protein N-term	NT=Data-dependent acquisition;AC=PRIDE:0000627	NT=HCD;AC=MS:1002481	32% NCE	10 ppm	0.02 Da	DTT	IAA	high-pH reversed-phase fractionation	10	1	2	sdrf-skills annotate v(this run)	HFX4_FFRA20H101805-1A.raw	v1.1.0	NT=ms-proteomics;VV=v1.1.0
HFX4_FFRA20H101805-1A.raw-TMT129C	Escherichia coli	Escherichia coli str. K-12 substr. W3110 delta-glyA	glyA deletion mutant	not applicable	not applicable	not applicable	37°C	3	run 87	proteomic profiling by mass spectrometry	TMT129C	NT=Q Exactive HF-X;AC=MS:1002877	NT=Trypsin;AC=MS:1001251;CS=(?<=[KR])(?!P)	NT=Carbamidomethyl;AC=UNIMOD:4;CF=H(3) C(2) N O;MM=57.021464;MT=Fixed;PP=Anywhere;TA=C	NT=Oxidation;AC=UNIMOD:35;MM=15.994915;MT=Variable;PP=Anywhere;TA=M	NT=TMT6plex;AC=UNIMOD:737;MT=Variable;PP=Anywhere;TA=K	NT=Acetyl;AC=UNIMOD:1;MT=Variable;PP=Protein N-term	NT=Data-dependent acquisition;AC=PRIDE:0000627	NT=HCD;AC=MS:1002481	32% NCE	10 ppm	0.02 Da	DTT	IAA	high-pH reversed-phase fractionation	10	1	2	sdrf-skills annotate v(this run)	HFX4_FFRA20H101805-1A.raw	v1.1.0	NT=ms-proteomics;VV=v1.1.0
HFX4_FFRA20H101805-1A.raw-TMT130N	Escherichia coli	Escherichia coli str. K-12 substr. W3110 N-15	yrdC reverse mutant	not applicable	not applicable	not applicable	37°C	1	run 88	proteomic profiling by mass spectrometry	TMT130N	NT=Q Exactive HF-X;AC=MS:1002877	NT=Trypsin;AC=MS:1001251;CS=(?<=[KR])(?!P)	NT=Carbamidomethyl;AC=UNIMOD:4;CF=H(3) C(2) N O;MM=57.021464;MT=Fixed;PP=Anywhere;TA=C	NT=Oxidation;AC=UNIMOD:35;MM=15.994915;MT=Variable;PP=Anywhere;TA=M	NT=TMT6plex;AC=UNIMOD:737;MT=Variable;PP=Anywhere;TA=K	NT=Acetyl;AC=UNIMOD:1;MT=Variable;PP=Protein N-term	NT=Data-dependent acquisition;AC=PRIDE:0000627	NT=HCD;AC=MS:1002481	32% NCE	10 ppm	0.02 Da	DTT	IAA	high-pH reversed-phase fractionation	10	1	2	sdrf-skills annotate v(this run)	HFX4_FFRA20H101805-1A.raw	v1.1.0	NT=ms-proteomics;VV=v1.1.0
HFX4_FFRA20H101805-1A.raw-TMT130C	Escherichia coli	Escherichia coli str. K-12 substr. W3110 N-15	yrdC reverse mutant	not applicable	not applicable	not applicable	37°C	2	run 89	proteomic profiling by mass spectrometry	TMT130C	NT=Q Exactive HF-X;AC=MS:1002877	NT=Trypsin;AC=MS:1001251;CS=(?<=[KR])(?!P)	NT=Carbamidomethyl;AC=UNIMOD:4;CF=H(3) C(2) N O;MM=57.021464;MT=Fixed;PP=Anywhere;TA=C	NT=Oxidation;AC=UNIMOD:35;MM=15.994915;MT=Variable;PP=Anywhere;TA=M	NT=TMT6plex;AC=UNIMOD:737;MT=Variable;PP=Anywhere;TA=K	NT=Acetyl;AC=UNIMOD:1;MT=Variable;PP=Protein N-term	NT=Data-dependent acquisition;AC=PRIDE:0000627	NT=HCD;AC=MS:1002481	32% NCE	10 ppm	0.02 Da	DTT	IAA	high-pH reversed-phase fractionation	10	1	2	sdrf-skills annotate v(this run)	HFX4_FFRA20H101805-1A.raw	v1.1.0	NT=ms-proteomics;VV=v1.1.0
HFX4_FFRA20H101805-1A.raw-TMT131	Escherichia coli	Escherichia coli str. K-12 substr. W3110 N-15	yrdC reverse mutant	not applicable	not applicable	not applicable	37°C	3	run 90	proteomic profiling by mass spectrometry	TMT131	NT=Q Exactive HF-X;AC=MS:1002877	NT=Trypsin;AC=MS:1001251;CS=(?<=[KR])(?!P)	NT=Carbamidomethyl;AC=UNIMOD:4;CF=H(3) C(2) N O;MM=57.021464;MT=Fixed;PP=Anywhere;TA=C	NT=Oxidation;AC=UNIMOD:35;MM=15.994915;MT=Variable;PP=Anywhere;TA=M	NT=TMT6plex;AC=UNIMOD:737;MT=Variable;PP=Anywhere;TA=K	NT=Acetyl;AC=UNIMOD:1;MT=Variable;PP=Protein N-term	NT=Data-dependent acquisition;AC=PRIDE:0000627	NT=HCD;AC=MS:1002481	32% NCE	10 ppm	0.02 Da	DTT	IAA	high-pH reversed-phase fractionation	10	1	2	sdrf-skills annotate v(this run)	HFX4_FFRA20H101805-1A.raw	v1.1.0	NT=ms-proteomics;VV=v1.1.0
